Workbook

Sheet ELECTRE - Alif
C2: Weight | D2: 5 | E2: 8 | F2: 7 | G2: 3 | H2: 9 | I2: 2
B3: Scenario no. | C3: Scenarios | D3: Environmental Impact | E3: Cross-Border Connectivity & Network Integration | F3: Cost (CAPEX + O&M) | G3: Complexity/ Feasibility | H3: Socio Economic Benefits | I3: Safety & Resilience
B4: 1 | C4: Railway axis Berlin-Verona/Milano-Bologna-Napoli-Messina-Palermo
B5: 3 | C5: High-speed railway axis of southwest Europe
B6: 9 | C6: Railway axis Cork–Dublin–Belfast–Stranraer
B7: 10 | C7: Malpensa airport
B8: 11 | C8: Øresund bridge
B9: 12 | C9: Nordic Triangle railway/road axis
B10: 13 | C10: Road axis United Kingdom/Ireland/Benelux
B11: 16 | C11: Freight railway axis Sines/Algeciras-Madrid-Paris
B12: 18 | C12: Waterway axis Rhine/Meuse-Main-Danube
B13: 20 | C13: Railway axis Fehmarn belt

Sheet ELECTRE - Levente
C2: Weight | D2: 2 | E2: 7 | F2: 5 | G2: 3 | H2: 10 | I2: 1 | K2: weights are just my opinion
B3: Scenario no. | C3: Scenarios | D3: Environmental Impact | E3: Cross-Border Connectivity & Network Integration | F3: Cost (CAPEX + O&M) | G3: Complexity/ Feasibility | H3: Socio Economic Benefits | I3: Safety & Resilience
B4: 1 | C4: Railway axis Berlin-Verona/Milano-Bologna-Napoli-Messina-Palermo | D4: 4 | E4: 4 | F4: 1 | G4: 1 | H4: 5
B5: 3 | C5: High-speed railway axis of southwest Europe | D5: 5 | E5: 2 | F5: 2 | G5: 3 | H5: 3
B6: 9 | C6: Railway axis Cork–Dublin–Belfast–Stranraer | D6: 3 | E6: 5 | F6: 1 | G6: 1 | H6: 4
B7: 10 | C7: Malpensa airport | D7: 3 | E7: 3 | F7: 1 | G7: 2 | H7: 4
B8: 11 | C8: Øresund bridge | D8: 4 | E8: 1 | F8: 2 | G8: 3 | H8: 3
B9: 12 | C9: Nordic Triangle railway/road axis | D9: 3 | E9: 1 | F9: 2 | G9: 3 | H9: 2
B10: 13 | C10: Road axis United Kingdom/Ireland/Benelux | D10: 4 | E10: 1 | F10: 4 | G10: 4 | H10: 1
B11: 16 | C11: Freight railway axis Sines/Algeciras-Madrid-Paris | D11: 2 | E11: 1 | F11: 1 | G11: 2 | H11: 2
B12: 18 | C12: Waterway axis Rhine/Meuse-Main-Danube | D12: 4 | E12: 3 | F12: 2 | G12: 1 | H12: 5
B13: 20 | C13: Railway axis Fehmarn belt | D13: 3 | E13: 1 | F13: 3 | G13: 2 | H13: 5
D16: overall very low, no new areas for high impact, improvements break even at latest 15 years (low weight) | E16: no. of countries. but some of the biggest benefits would come from no. 20 for many countries | F16: cost/benefit would be better, this one disincentivize larger projects. based on ranges in the key. wight for cost. weight for cost/benefit is under socio-economic | G16: mostly complexity, all are feasible (on track to be operational latest 2050) | H16: for now used as cost/benefit
F17: Projected cost/benefit
B18: 1 | F18: 5
B19: 3 | F19: 3
B20: 9 | F20: 4
B21: 10 | F21: 4
B22: 11 | F22: 3
B23: 12 | F23: 2
B24: 13 | F24: 1
B25: 16 | F25: 2
B26: 18 | F26: 5
B27: 20 | F27: 5

Sheet ELECTRE - Joao
C2: Weight
B3: Scenario no. | C3: Scenarios | D3: Environmental Impact | E3: Cross-Border Connectivity & Network Integration | F3: Cost (CAPEX + O&M) | G3: Complexity/ Feasibility | H3: Socio Economic Benefits | I3: Safety & Resilience
B4: 1 | C4: Railway axis Berlin-Verona/Milano-Bologna-Napoli-Messina-Palermo
B5: 3 | C5: High-speed railway axis of southwest Europe
B6: 9 | C6: Railway axis Cork–Dublin–Belfast–Stranraer
B7: 10 | C7: Malpensa airport
B8: 11 | C8: Øresund bridge
B9: 12 | C9: Nordic Triangle railway/road axis
B10: 13 | C10: Road axis United Kingdom/Ireland/Benelux
B11: 16 | C11: Freight railway axis Sines/Algeciras-Madrid-Paris
B12: 18 | C12: Waterway axis Rhine/Meuse-Main-Danube
B13: 20 | C13: Railway axis Fehmarn belt

Sheet ELECTRE - Dante
C2: Weight | D2: 8 | E2: 10 | F2: 7 | G2: 5 | H2: 8 | I2: 4
B3: Scenario no. | C3: Scenarios | D3: Environmental Impact | E3: Cross-Border Connectivity & Network Integration | F3: Cost (CAPEX + O&M) | G3: Complexity/ Feasibility | H3: Socio Economic Benefits | I3: Safety & Resilience
B4: 1 | C4: Railway axis Berlin-Verona/Milano-Bologna-Napoli-Messina-Palermo | D4: 4 | E4: 5 | F4: 2 | G4: 2 | H4: 5 | I4: 4
B5: 3 | C5: High-speed railway axis of southwest Europe | D5: 3 | E5: 4 | F5: 4 | G5: 3 | H5: 4 | I5: 3
B6: 9 | C6: Railway axis Cork–Dublin–Belfast–Stranraer | D6: 3 | E6: 5 | F6: 1 | G6: 3 | H6: 4 | I6: 3
B7: 10 | C7: Malpensa airport | D7: 3 | E7: 4 | F7: 3 | G7: 3 | H7: 4 | I7: 3
B8: 11 | C8: Øresund bridge | D8: 3 | E8: 3 | F8: 4 | G8: 4 | H8: 3 | I8: 3
B9: 12 | C9: Nordic Triangle railway/road axis | D9: 3 | E9: 4 | F9: 5 | G9: 3 | H9: 4 | I9: 4
B10: 13 | C10: Road axis United Kingdom/Ireland/Benelux | D10: 4 | E10: 2 | F10: 5 | G10: 5 | H10: 3 | I10: 3
B11: 16 | C11: Freight railway axis Sines/Algeciras-Madrid-Paris | D11: 4 | E11: 2 | F11: 4 | G11: 2 | H11: 4 | I11: 4
B12: 18 | C12: Waterway axis Rhine/Meuse-Main-Danube | D12: 4 | E12: 5 | F12: 3 | G12: 3 | H12: 5 | I12: 4
B13: 20 | C13: Railway axis Fehmarn belt | D13: 3 | E13: 3 | F13: 5 | G13: 4 | H13: 4 | I13: 3

Sheet ELECTRE - Average
E2: Weight | F2: 4 | G2: 8 | H2: 6 | I2: 4 | J2: 9 | K2: 2
B3: Average | D3: Scenario no. | F3: Environmental Impact | G3: Cross-Border Connectivity & Network Integration | H3: Cost (CAPEX + O&M) | I3: Complexity/ Feasibility | J3: Socio Economic Benefits | K3: Safety & Resilience
D4: 1 | F4: =AVERAGE('ELECTRE - Alif'!D4,'ELECTRE - Levente'!D4,'ELECTRE - Joao'!D4,'ELECTRE - Dante'!D4) -> 4 | G4: 4 | H4: 2 | I4: 1 | J4: =AVERAGE('ELECTRE - Alif'!H4,'ELECTRE - Levente'!H4,'ELECTRE - Joao'!H4,'ELECTRE - Dante'!H4) -> 5 | K4: =AVERAGE('ELECTRE - Alif'!I4,'ELECTRE - Levente'!I4,'ELECTRE - Joao'!I4,'ELECTRE - Dante'!I4) -> 4
D5: 3 | F5: =AVERAGE('ELECTRE - Alif'!D5,'ELECTRE - Levente'!D5,'ELECTRE - Joao'!D5,'ELECTRE - Dante'!D5) -> 4 | G5: =AVERAGE('ELECTRE - Alif'!E5,'ELECTRE - Levente'!E5,'ELECTRE - Joao'!E5,'ELECTRE - Dante'!E5) -> 3 | H5: 4 | I5: =AVERAGE('ELECTRE - Alif'!G5,'ELECTRE - Levente'!G5,'ELECTRE - Joao'!G5,'ELECTRE - Dante'!G5) -> 3 | J5: 3 | K5: =AVERAGE('ELECTRE - Alif'!I5,'ELECTRE - Levente'!I5,'ELECTRE - Joao'!I5,'ELECTRE - Dante'!I5) -> 3
D6: 9 | F6: =AVERAGE('ELECTRE - Alif'!D6,'ELECTRE - Levente'!D6,'ELECTRE - Joao'!D6,'ELECTRE - Dante'!D6) -> 3 | G6: =AVERAGE('ELECTRE - Alif'!E6,'ELECTRE - Levente'!E6,'ELECTRE - Joao'!E6,'ELECTRE - Dante'!E6) -> 5 | H6: 1 | I6: =AVERAGE('ELECTRE - Alif'!G6,'ELECTRE - Levente'!G6,'ELECTRE - Joao'!G6,'ELECTRE - Dante'!G6) -> 2 | J6: =AVERAGE('ELECTRE - Alif'!H6,'ELECTRE - Levente'!H6,'ELECTRE - Joao'!H6,'ELECTRE - Dante'!H6) -> 4 | K6: =AVERAGE('ELECTRE - Alif'!I6,'ELECTRE - Levente'!I6,'ELECTRE - Joao'!I6,'ELECTRE - Dante'!I6) -> 3
D7: 10 | F7: =AVERAGE('ELECTRE - Alif'!D7,'ELECTRE - Levente'!D7,'ELECTRE - Joao'!D7,'ELECTRE - Dante'!D7) -> 3 | G7: 4 | H7: 3 | I7: 3 | J7: =AVERAGE('ELECTRE - Alif'!H7,'ELECTRE - Levente'!H7,'ELECTRE - Joao'!H7,'ELECTRE - Dante'!H7) -> 4 | K7: =AVERAGE('ELECTRE - Alif'!I7,'ELECTRE - Levente'!I7,'ELECTRE - Joao'!I7,'ELECTRE - Dante'!I7) -> 3
D8: 11 | F8: 3 | G8: 1 | H8: 4 | I8: 4 | J8: =AVERAGE('ELECTRE - Alif'!H8,'ELECTRE - Levente'!H8,'ELECTRE - Joao'!H8,'ELECTRE - Dante'!H8) -> 3 | K8: =AVERAGE('ELECTRE - Alif'!I8,'ELECTRE - Levente'!I8,'ELECTRE - Joao'!I8,'ELECTRE - Dante'!I8) -> 3
D9: 12 | F9: =AVERAGE('ELECTRE - Alif'!D9,'ELECTRE - Levente'!D9,'ELECTRE - Joao'!D9,'ELECTRE - Dante'!D9) -> 3 | G9: 2 | H9: 5 | I9: =AVERAGE('ELECTRE - Alif'!G9,'ELECTRE - Levente'!G9,'ELECTRE - Joao'!G9,'ELECTRE - Dante'!G9) -> 3 | J9: =AVERAGE('ELECTRE - Alif'!H9,'ELECTRE - Levente'!H9,'ELECTRE - Joao'!H9,'ELECTRE - Dante'!H9) -> 3 | K9: =AVERAGE('ELECTRE - Alif'!I9,'ELECTRE - Levente'!I9,'ELECTRE - Joao'!I9,'ELECTRE - Dante'!I9) -> 4
D10: 13 | F10: =AVERAGE('ELECTRE - Alif'!D10,'ELECTRE - Levente'!D10,'ELECTRE - Joao'!D10,'ELECTRE - Dante'!D10) -> 4 | G10: 1 | H10: 5 | I10: 5 | J10: =AVERAGE('ELECTRE - Alif'!H10,'ELECTRE - Levente'!H10,'ELECTRE - Joao'!H10,'ELECTRE - Dante'!H10) -> 2 | K10: =AVERAGE('ELECTRE - Alif'!I10,'ELECTRE - Levente'!I10,'ELECTRE - Joao'!I10,'ELECTRE - Dante'!I10) -> 3
D11: 16 | F11: =AVERAGE('ELECTRE - Alif'!D11,'ELECTRE - Levente'!D11,'ELECTRE - Joao'!D11,'ELECTRE - Dante'!D11) -> 3 | G11: 2 | H11: 4 | I11: =AVERAGE('ELECTRE - Alif'!G11,'ELECTRE - Levente'!G11,'ELECTRE - Joao'!G11,'ELECTRE - Dante'!G11) -> 2 | J11: =AVERAGE('ELECTRE - Alif'!H11,'ELECTRE - Levente'!H11,'ELECTRE - Joao'!H11,'ELECTRE - Dante'!H11) -> 3 | K11: =AVERAGE('ELECTRE - Alif'!I11,'ELECTRE - Levente'!I11,'ELECTRE - Joao'!I11,'ELECTRE - Dante'!I11) -> 4
D12: 18 | F12: =AVERAGE('ELECTRE - Alif'!D12,'ELECTRE - Levente'!D12,'ELECTRE - Joao'!D12,'ELECTRE - Dante'!D12) -> 4 | G12: 5 | H12: 3 | I12: =AVERAGE('ELECTRE - Alif'!G12,'ELECTRE - Levente'!G12,'ELECTRE - Joao'!G12,'ELECTRE - Dante'!G12) -> 2 | J12: =AVERAGE('ELECTRE - Alif'!H12,'ELECTRE - Levente'!H12,'ELECTRE - Joao'!H12,'ELECTRE - Dante'!H12) -> 5 | K12: =AVERAGE('ELECTRE - Alif'!I12,'ELECTRE - Levente'!I12,'ELECTRE - Joao'!I12,'ELECTRE - Dante'!I12) -> 4
D13: 20 | F13: =AVERAGE('ELECTRE - Alif'!D13,'ELECTRE - Levente'!D13,'ELECTRE - Joao'!D13,'ELECTRE - Dante'!D13) -> 3 | G13: 4 | H13: 5 | I13: =AVERAGE('ELECTRE - Alif'!G13,'ELECTRE - Levente'!G13,'ELECTRE - Joao'!G13,'ELECTRE - Dante'!G13) -> 3 | J13: 5 | K13: =AVERAGE('ELECTRE - Alif'!I13,'ELECTRE - Levente'!I13,'ELECTRE - Joao'!I13,'ELECTRE - Dante'!I13) -> 3
E15: Weight | F15: =MAX('ELECTRE - Alif'!D2,'ELECTRE - Levente'!D2,'ELECTRE - Joao'!D2,'ELECTRE - Dante'!D2) - MIN('ELECTRE - Alif'!D2,'ELECTRE - Levente'!D2,'ELECTRE - Joao'!D2,'ELECTRE - Dante'!D2) -> 6 | G15: =MAX('ELECTRE - Alif'!E2,'ELECTRE - Levente'!E2,'ELECTRE - Joao'!E2,'ELECTRE - Dante'!E2) - MIN('ELECTRE - Alif'!E2,'ELECTRE - Levente'!E2,'ELECTRE - Joao'!E2,'ELECTRE - Dante'!E2) -> 3 | H15: =MAX('ELECTRE - Alif'!F2,'ELECTRE - Levente'!F2,'ELECTRE - Joao'!F2,'ELECTRE - Dante'!F2) - MIN('ELECTRE - Alif'!F2,'ELECTRE - Levente'!F2,'ELECTRE - Joao'!F2,'ELECTRE - Dante'!F2) -> 2 | I15: =MAX('ELECTRE - Alif'!G2,'ELECTRE - Levente'!G2,'ELECTRE - Joao'!G2,'ELECTRE - Dante'!G2) - MIN('ELECTRE - Alif'!G2,'ELECTRE - Levente'!G2,'ELECTRE - Joao'!G2,'ELECTRE - Dante'!G2) -> 2 | J15: =MAX('ELECTRE - Alif'!H2,'ELECTRE - Levente'!H2,'ELECTRE - Joao'!H2,'ELECTRE - Dante'!H2) - MIN('ELECTRE - Alif'!H2,'ELECTRE - Levente'!H2,'ELECTRE - Joao'!H2,'ELECTRE - Dante'!H2) -> 2 | K15: =MAX('ELECTRE - Alif'!I2,'ELECTRE - Levente'!I2,'ELECTRE - Joao'!I2,'ELECTRE - Dante'!I2) - MIN('ELECTRE - Alif'!I2,'ELECTRE - Levente'!I2,'ELECTRE - Joao'!I2,'ELECTRE - Dante'!I2) -> 3
B16: Min/Max Difference | D16: Scenario no. | F16: Environmental Impact | G16: Cross-Border Connectivity & Network Integration | H16: Cost (CAPEX + O&M) | I16: Complexity/ Feasibility | J16: Socio Economic Benefits | K16: Safety & Resilience
D17: 1 | F17: =MAX('ELECTRE - Alif'!D4,'ELECTRE - Levente'!D4,'ELECTRE - Joao'!D4,'ELECTRE - Dante'!D4) - MIN('ELECTRE - Alif'!D4,'ELECTRE - Levente'!D4,'ELECTRE - Joao'!D4,'ELECTRE - Dante'!D4) -> 0 | G17: =MAX('ELECTRE - Alif'!E4,'ELECTRE - Levente'!E4,'ELECTRE - Joao'!E4,'ELECTRE - Dante'!E4) - MIN('ELECTRE - Alif'!E4,'ELECTRE - Levente'!E4,'ELECTRE - Joao'!E4,'ELECTRE - Dante'!E4) -> 1 | H17: =MAX('ELECTRE - Alif'!F4,'ELECTRE - Levente'!F4,'ELECTRE - Joao'!F4,'ELECTRE - Dante'!F4) - MIN('ELECTRE - Alif'!F4,'ELECTRE - Levente'!F4,'ELECTRE - Joao'!F4,'ELECTRE - Dante'!F4) -> 1 | I17: =MAX('ELECTRE - Alif'!G4,'ELECTRE - Levente'!G4,'ELECTRE - Joao'!G4,'ELECTRE - Dante'!G4) - MIN('ELECTRE - Alif'!G4,'ELECTRE - Levente'!G4,'ELECTRE - Joao'!G4,'ELECTRE - Dante'!G4) -> 1 | J17: =MAX('ELECTRE - Alif'!H4,'ELECTRE - Levente'!H4,'ELECTRE - Joao'!H4,'ELECTRE - Dante'!H4) - MIN('ELECTRE - Alif'!H4,'ELECTRE - Levente'!H4,'ELECTRE - Joao'!H4,'ELECTRE - Dante'!H4) -> 0 | K17: =MAX('ELECTRE - Alif'!I4,'ELECTRE - Levente'!I4,'ELECTRE - Joao'!I4,'ELECTRE - Dante'!I4) - MIN('ELECTRE - Alif'!I4,'ELECTRE - Levente'!I4,'ELECTRE - Joao'!I4,'ELECTRE - Dante'!I4) -> 0
D18: 3 | F18: =MAX('ELECTRE - Alif'!D5,'ELECTRE - Levente'!D5,'ELECTRE - Joao'!D5,'ELECTRE - Dante'!D5) - MIN('ELECTRE - Alif'!D5,'ELECTRE - Levente'!D5,'ELECTRE - Joao'!D5,'ELECTRE - Dante'!D5) -> 2 | G18: =MAX('ELECTRE - Alif'!E5,'ELECTRE - Levente'!E5,'ELECTRE - Joao'!E5,'ELECTRE - Dante'!E5) - MIN('ELECTRE - Alif'!E5,'ELECTRE - Levente'!E5,'ELECTRE - Joao'!E5,'ELECTRE - Dante'!E5) -> 2 | H18: =MAX('ELECTRE - Alif'!F5,'ELECTRE - Levente'!F5,'ELECTRE - Joao'!F5,'ELECTRE - Dante'!F5) - MIN('ELECTRE - Alif'!F5,'ELECTRE - Levente'!F5,'ELECTRE - Joao'!F5,'ELECTRE - Dante'!F5) -> 2 | I18: =MAX('ELECTRE - Alif'!G5,'ELECTRE - Levente'!G5,'ELECTRE - Joao'!G5,'ELECTRE - Dante'!G5) - MIN('ELECTRE - Alif'!G5,'ELECTRE - Levente'!G5,'ELECTRE - Joao'!G5,'ELECTRE - Dante'!G5) -> 0 | J18: =MAX('ELECTRE - Alif'!H5,'ELECTRE - Levente'!H5,'ELECTRE - Joao'!H5,'ELECTRE - Dante'!H5) - MIN('ELECTRE - Alif'!H5,'ELECTRE - Levente'!H5,'ELECTRE - Joao'!H5,'ELECTRE - Dante'!H5) -> 1 | K18: =MAX('ELECTRE - Alif'!I5,'ELECTRE - Levente'!I5,'ELECTRE - Joao'!I5,'ELECTRE - Dante'!I5) - MIN('ELECTRE - Alif'!I5,'ELECTRE - Levente'!I5,'ELECTRE - Joao'!I5,'ELECTRE - Dante'!I5) -> 0
D19: 9 | F19: =MAX('ELECTRE - Alif'!D6,'ELECTRE - Levente'!D6,'ELECTRE - Joao'!D6,'ELECTRE - Dante'!D6) - MIN('ELECTRE - Alif'!D6,'ELECTRE - Levente'!D6,'ELECTRE - Joao'!D6,'ELECTRE - Dante'!D6) -> 0 | G19: =MAX('ELECTRE - Alif'!E6,'ELECTRE - Levente'!E6,'ELECTRE - Joao'!E6,'ELECTRE - Dante'!E6) - MIN('ELECTRE - Alif'!E6,'ELECTRE - Levente'!E6,'ELECTRE - Joao'!E6,'ELECTRE - Dante'!E6) -> 0 | H19: =MAX('ELECTRE - Alif'!F6,'ELECTRE - Levente'!F6,'ELECTRE - Joao'!F6,'ELECTRE - Dante'!F6) - MIN('ELECTRE - Alif'!F6,'ELECTRE - Levente'!F6,'ELECTRE - Joao'!F6,'ELECTRE - Dante'!F6) -> 0 | I19: =MAX('ELECTRE - Alif'!G6,'ELECTRE - Levente'!G6,'ELECTRE - Joao'!G6,'ELECTRE - Dante'!G6) - MIN('ELECTRE - Alif'!G6,'ELECTRE - Levente'!G6,'ELECTRE - Joao'!G6,'ELECTRE - Dante'!G6) -> 2 | J19: =MAX('ELECTRE - Alif'!H6,'ELECTRE - Levente'!H6,'ELECTRE - Joao'!H6,'ELECTRE - Dante'!H6) - MIN('ELECTRE - Alif'!H6,'ELECTRE - Levente'!H6,'ELECTRE - Joao'!H6,'ELECTRE - Dante'!H6) -> 0 | K19: =MAX('ELECTRE - Alif'!I6,'ELECTRE - Levente'!I6,'ELECTRE - Joao'!I6,'ELECTRE - Dante'!I6) - MIN('ELECTRE - Alif'!I6,'ELECTRE - Levente'!I6,'ELECTRE - Joao'!I6,'ELECTRE - Dante'!I6) -> 0
D20: 10 | F20: =MAX('ELECTRE - Alif'!D7,'ELECTRE - Levente'!D7,'ELECTRE - Joao'!D7,'ELECTRE - Dante'!D7) - MIN('ELECTRE - Alif'!D7,'ELECTRE - Levente'!D7,'ELECTRE - Joao'!D7,'ELECTRE - Dante'!D7) -> 0 | G20: =MAX('ELECTRE - Alif'!E7,'ELECTRE - Levente'!E7,'ELECTRE - Joao'!E7,'ELECTRE - Dante'!E7) - MIN('ELECTRE - Alif'!E7,'ELECTRE - Levente'!E7,'ELECTRE - Joao'!E7,'ELECTRE - Dante'!E7) -> 1 | H20: =MAX('ELECTRE - Alif'!F7,'ELECTRE - Levente'!F7,'ELECTRE - Joao'!F7,'ELECTRE - Dante'!F7) - MIN('ELECTRE - Alif'!F7,'ELECTRE - Levente'!F7,'ELECTRE - Joao'!F7,'ELECTRE - Dante'!F7) -> 2 | I20: =MAX('ELECTRE - Alif'!G7,'ELECTRE - Levente'!G7,'ELECTRE - Joao'!G7,'ELECTRE - Dante'!G7) - MIN('ELECTRE - Alif'!G7,'ELECTRE - Levente'!G7,'ELECTRE - Joao'!G7,'ELECTRE - Dante'!G7) -> 1 | J20: =MAX('ELECTRE - Alif'!H7,'ELECTRE - Levente'!H7,'ELECTRE - Joao'!H7,'ELECTRE - Dante'!H7) - MIN('ELECTRE - Alif'!H7,'ELECTRE - Levente'!H7,'ELECTRE - Joao'!H7,'ELECTRE - Dante'!H7) -> 0 | K20: =MAX('ELECTRE - Alif'!I7,'ELECTRE - Levente'!I7,'ELECTRE - Joao'!I7,'ELECTRE - Dante'!I7) - MIN('ELECTRE - Alif'!I7,'ELECTRE - Levente'!I7,'ELECTRE - Joao'!I7,'ELECTRE - Dante'!I7) -> 0
D21: 11 | F21: =MAX('ELECTRE - Alif'!D8,'ELECTRE - Levente'!D8,'ELECTRE - Joao'!D8,'ELECTRE - Dante'!D8) - MIN('ELECTRE - Alif'!D8,'ELECTRE - Levente'!D8,'ELECTRE - Joao'!D8,'ELECTRE - Dante'!D8) -> 1 | G21: =MAX('ELECTRE - Alif'!E8,'ELECTRE - Levente'!E8,'ELECTRE - Joao'!E8,'ELECTRE - Dante'!E8) - MIN('ELECTRE - Alif'!E8,'ELECTRE - Levente'!E8,'ELECTRE - Joao'!E8,'ELECTRE - Dante'!E8) -> 2 | H21: =MAX('ELECTRE - Alif'!F8,'ELECTRE - Levente'!F8,'ELECTRE - Joao'!F8,'ELECTRE - Dante'!F8) - MIN('ELECTRE - Alif'!F8,'ELECTRE - Levente'!F8,'ELECTRE - Joao'!F8,'ELECTRE - Dante'!F8) -> 2 | I21: =MAX('ELECTRE - Alif'!G8,'ELECTRE - Levente'!G8,'ELECTRE - Joao'!G8,'ELECTRE - Dante'!G8) - MIN('ELECTRE - Alif'!G8,'ELECTRE - Levente'!G8,'ELECTRE - Joao'!G8,'ELECTRE - Dante'!G8) -> 1 | J21: =MAX('ELECTRE - Alif'!H8,'ELECTRE - Levente'!H8,'ELECTRE - Joao'!H8,'ELECTRE - Dante'!H8) - MIN('ELECTRE - Alif'!H8,'ELECTRE - Levente'!H8,'ELECTRE - Joao'!H8,'ELECTRE - Dante'!H8) -> 0 | K21: =MAX('ELECTRE - Alif'!I8,'ELECTRE - Levente'!I8,'ELECTRE - Joao'!I8,'ELECTRE - Dante'!I8) - MIN('ELECTRE - Alif'!I8,'ELECTRE - Levente'!I8,'ELECTRE - Joao'!I8,'ELECTRE - Dante'!I8) -> 0
D22: 12 | F22: =MAX('ELECTRE - Alif'!D9,'ELECTRE - Levente'!D9,'ELECTRE - Joao'!D9,'ELECTRE - Dante'!D9) - MIN('ELECTRE - Alif'!D9,'ELECTRE - Levente'!D9,'ELECTRE - Joao'!D9,'ELECTRE - Dante'!D9) -> 0 | G22: =MAX('ELECTRE - Alif'!E9,'ELECTRE - Levente'!E9,'ELECTRE - Joao'!E9,'ELECTRE - Dante'!E9) - MIN('ELECTRE - Alif'!E9,'ELECTRE - Levente'!E9,'ELECTRE - Joao'!E9,'ELECTRE - Dante'!E9) -> 3 | H22: =MAX('ELECTRE - Alif'!F9,'ELECTRE - Levente'!F9,'ELECTRE - Joao'!F9,'ELECTRE - Dante'!F9) - MIN('ELECTRE - Alif'!F9,'ELECTRE - Levente'!F9,'ELECTRE - Joao'!F9,'ELECTRE - Dante'!F9) -> 3 | I22: =MAX('ELECTRE - Alif'!G9,'ELECTRE - Levente'!G9,'ELECTRE - Joao'!G9,'ELECTRE - Dante'!G9) - MIN('ELECTRE - Alif'!G9,'ELECTRE - Levente'!G9,'ELECTRE - Joao'!G9,'ELECTRE - Dante'!G9) -> 0 | J22: =MAX('ELECTRE - Alif'!H9,'ELECTRE - Levente'!H9,'ELECTRE - Joao'!H9,'ELECTRE - Dante'!H9) - MIN('ELECTRE - Alif'!H9,'ELECTRE - Levente'!H9,'ELECTRE - Joao'!H9,'ELECTRE - Dante'!H9) -> 2 | K22: =MAX('ELECTRE - Alif'!I9,'ELECTRE - Levente'!I9,'ELECTRE - Joao'!I9,'ELECTRE - Dante'!I9) - MIN('ELECTRE - Alif'!I9,'ELECTRE - Levente'!I9,'ELECTRE - Joao'!I9,'ELECTRE - Dante'!I9) -> 0
D23: 13 | F23: =MAX('ELECTRE - Alif'!D10,'ELECTRE - Levente'!D10,'ELECTRE - Joao'!D10,'ELECTRE - Dante'!D10) - MIN('ELECTRE - Alif'!D10,'ELECTRE - Levente'!D10,'ELECTRE - Joao'!D10,'ELECTRE - Dante'!D10) -> 0 | G23: =MAX('ELECTRE - Alif'!E10,'ELECTRE - Levente'!E10,'ELECTRE - Joao'!E10,'ELECTRE - Dante'!E10) - MIN('ELECTRE - Alif'!E10,'ELECTRE - Levente'!E10,'ELECTRE - Joao'!E10,'ELECTRE - Dante'!E10) -> 1 | H23: =MAX('ELECTRE - Alif'!F10,'ELECTRE - Levente'!F10,'ELECTRE - Joao'!F10,'ELECTRE - Dante'!F10) - MIN('ELECTRE - Alif'!F10,'ELECTRE - Levente'!F10,'ELECTRE - Joao'!F10,'ELECTRE - Dante'!F10) -> 1 | I23: =MAX('ELECTRE - Alif'!G10,'ELECTRE - Levente'!G10,'ELECTRE - Joao'!G10,'ELECTRE - Dante'!G10) - MIN('ELECTRE - Alif'!G10,'ELECTRE - Levente'!G10,'ELECTRE - Joao'!G10,'ELECTRE - Dante'!G10) -> 1 | J23: =MAX('ELECTRE - Alif'!H10,'ELECTRE - Levente'!H10,'ELECTRE - Joao'!H10,'ELECTRE - Dante'!H10) - MIN('ELECTRE - Alif'!H10,'ELECTRE - Levente'!H10,'ELECTRE - Joao'!H10,'ELECTRE - Dante'!H10) -> 2 | K23: =MAX('ELECTRE - Alif'!I10,'ELECTRE - Levente'!I10,'ELECTRE - Joao'!I10,'ELECTRE - Dante'!I10) - MIN('ELECTRE - Alif'!I10,'ELECTRE - Levente'!I10,'ELECTRE - Joao'!I10,'ELECTRE - Dante'!I10) -> 0
D24: 16 | F24: =MAX('ELECTRE - Alif'!D11,'ELECTRE - Levente'!D11,'ELECTRE - Joao'!D11,'ELECTRE - Dante'!D11) - MIN('ELECTRE - Alif'!D11,'ELECTRE - Levente'!D11,'ELECTRE - Joao'!D11,'ELECTRE - Dante'!D11) -> 2 | G24: =MAX('ELECTRE - Alif'!E11,'ELECTRE - Levente'!E11,'ELECTRE - Joao'!E11,'ELECTRE - Dante'!E11) - MIN('ELECTRE - Alif'!E11,'ELECTRE - Levente'!E11,'ELECTRE - Joao'!E11,'ELECTRE - Dante'!E11) -> 1 | H24: =MAX('ELECTRE - Alif'!F11,'ELECTRE - Levente'!F11,'ELECTRE - Joao'!F11,'ELECTRE - Dante'!F11) - MIN('ELECTRE - Alif'!F11,'ELECTRE - Levente'!F11,'ELECTRE - Joao'!F11,'ELECTRE - Dante'!F11) -> 3 | I24: =MAX('ELECTRE - Alif'!G11,'ELECTRE - Levente'!G11,'ELECTRE - Joao'!G11,'ELECTRE - Dante'!G11) - MIN('ELECTRE - Alif'!G11,'ELECTRE - Levente'!G11,'ELECTRE - Joao'!G11,'ELECTRE - Dante'!G11) -> 0 | J24: =MAX('ELECTRE - Alif'!H11,'ELECTRE - Levente'!H11,'ELECTRE - Joao'!H11,'ELECTRE - Dante'!H11) - MIN('ELECTRE - Alif'!H11,'ELECTRE - Levente'!H11,'ELECTRE - Joao'!H11,'ELECTRE - Dante'!H11) -> 2 | K24: =MAX('ELECTRE - Alif'!I11,'ELECTRE - Levente'!I11,'ELECTRE - Joao'!I11,'ELECTRE - Dante'!I11) - MIN('ELECTRE - Alif'!I11,'ELECTRE - Levente'!I11,'ELECTRE - Joao'!I11,'ELECTRE - Dante'!I11) -> 0
D25: 18 | F25: =MAX('ELECTRE - Alif'!D12,'ELECTRE - Levente'!D12,'ELECTRE - Joao'!D12,'ELECTRE - Dante'!D12) - MIN('ELECTRE - Alif'!D12,'ELECTRE - Levente'!D12,'ELECTRE - Joao'!D12,'ELECTRE - Dante'!D12) -> 0 | G25: =MAX('ELECTRE - Alif'!E12,'ELECTRE - Levente'!E12,'ELECTRE - Joao'!E12,'ELECTRE - Dante'!E12) - MIN('ELECTRE - Alif'!E12,'ELECTRE - Levente'!E12,'ELECTRE - Joao'!E12,'ELECTRE - Dante'!E12) -> 2 | H25: =MAX('ELECTRE - Alif'!F12,'ELECTRE - Levente'!F12,'ELECTRE - Joao'!F12,'ELECTRE - Dante'!F12) - MIN('ELECTRE - Alif'!F12,'ELECTRE - Levente'!F12,'ELECTRE - Joao'!F12,'ELECTRE - Dante'!F12) -> 1 | I25: =MAX('ELECTRE - Alif'!G12,'ELECTRE - Levente'!G12,'ELECTRE - Joao'!G12,'ELECTRE - Dante'!G12) - MIN('ELECTRE - Alif'!G12,'ELECTRE - Levente'!G12,'ELECTRE - Joao'!G12,'ELECTRE - Dante'!G12) -> 2 | J25: =MAX('ELECTRE - Alif'!H12,'ELECTRE - Levente'!H12,'ELECTRE - Joao'!H12,'ELECTRE - Dante'!H12) - MIN('ELECTRE - Alif'!H12,'ELECTRE - Levente'!H12,'ELECTRE - Joao'!H12,'ELECTRE - Dante'!H12) -> 0 | K25: =MAX('ELECTRE - Alif'!I12,'ELECTRE - Levente'!I12,'ELECTRE - Joao'!I12,'ELECTRE - Dante'!I12) - MIN('ELECTRE - Alif'!I12,'ELECTRE - Levente'!I12,'ELECTRE - Joao'!I12,'ELECTRE - Dante'!I12) -> 0
D26: 20 | F26: =MAX('ELECTRE - Alif'!D13,'ELECTRE - Levente'!D13,'ELECTRE - Joao'!D13,'ELECTRE - Dante'!D13) - MIN('ELECTRE - Alif'!D13,'ELECTRE - Levente'!D13,'ELECTRE - Joao'!D13,'ELECTRE - Dante'!D13) -> 0 | G26: =MAX('ELECTRE - Alif'!E13,'ELECTRE - Levente'!E13,'ELECTRE - Joao'!E13,'ELECTRE - Dante'!E13) - MIN('ELECTRE - Alif'!E13,'ELECTRE - Levente'!E13,'ELECTRE - Joao'!E13,'ELECTRE - Dante'!E13) -> 2 | H26: =MAX('ELECTRE - Alif'!F13,'ELECTRE - Levente'!F13,'ELECTRE - Joao'!F13,'ELECTRE - Dante'!F13) - MIN('ELECTRE - Alif'!F13,'ELECTRE - Levente'!F13,'ELECTRE - Joao'!F13,'ELECTRE - Dante'!F13) -> 2 | I26: =MAX('ELECTRE - Alif'!G13,'ELECTRE - Levente'!G13,'ELECTRE - Joao'!G13,'ELECTRE - Dante'!G13) - MIN('ELECTRE - Alif'!G13,'ELECTRE - Levente'!G13,'ELECTRE - Joao'!G13,'ELECTRE - Dante'!G13) -> 2 | J26: =MAX('ELECTRE - Alif'!H13,'ELECTRE - Levente'!H13,'ELECTRE - Joao'!H13,'ELECTRE - Dante'!H13) - MIN('ELECTRE - Alif'!H13,'ELECTRE - Levente'!H13,'ELECTRE - Joao'!H13,'ELECTRE - Dante'!H13) -> 1 | K26: =MAX('ELECTRE - Alif'!I13,'ELECTRE - Levente'!I13,'ELECTRE - Joao'!I13,'ELECTRE - Dante'!I13) - MIN('ELECTRE - Alif'!I13,'ELECTRE - Levente'!I13,'ELECTRE - Joao'!I13,'ELECTRE - Dante'!I13) -> 0

Sheet Rank Key
B2: Rank | C2: Environmental Impact | D2: Cross-Bprder Connectivity & Network Integration | E2: Cost (CAPEX + O&M) | F2: Complexity/ Feasibility | G2: Socio Economic Benefits | H2: Safety & Resilience
B3: 5 | C3: Major GHG Reduction, enables substantial modal shift (e.g shifts road use into electrified rail) | D3: Eliminates critical cross-border bottleneck at the EU level | E3: Very low capex (road upgrades) with low O&M cost (estimated < 1 billion Euros) | F3: Low Complexity, upgrades to existing facility that would require <2 years to complete | G3: Regional Development/ job creation, cohesion in less develoed region, improved accessibility for many citizens (EU level) | H3: Major improvements in transport safety, climate resilience and infrastructure security
B4: 4 | C4: Significant Reduction in pollutants due to nodal shift but cannot be achieved without some environmental tradeoff | D4: Provides meaningful cross-border or interregional linkage at the EU level | E4: Moderate CAPEX (Rail upgrade, airport creation) - (1-3 billion Euros) | F4: Medium engineering complexity (rail & ground tunnel creation, etc.), requiring less than a decade to complete (2-5 years) | G4: Strong benefits with clear regional spillover effect | H4: Major improvements in either safety or resilience in EU level
B5: 3 | C5: Upgrades that results in moderate Reduction; contributes indirectly (e.g improves efficiency thus less CO2 or supports electrification) | D5: Improves connectivity at the national/ regional level. Connects between 2 countries and improves EU connectivity | E5: Medium CAPEX (Rail Creation) - (3-6 billion Euros) | F5: Medium engineering complexity (rail & ground tunnel creation, etc.), requiring less than a decade to complete (5-10 years) | G5: Benefits mainly in the local/ regional level. Offers long-term jobs though limited to a region | H5: Moderate improvements in either safety or resilience in EU level
B6: 2 | C6: Limited positive environmental effects. Potential increase in emissions, but some effort to control emissions (carbon accreditation, sustainability reporting etc.) | D6: Connectivity gains at the local level. Mostly improves connectivity of one country, with indirect connectivity imrovement across EU (e.g easier accesibility to existing networks) | E6: Very High CAPEX or high maintenance (estimated 6-10 billion Euros) | F6: High engineering complexity (underwater tunneling, etc), OR encompassing multiple countries in scope and would require decades to complete (>10 years) | G6: marginal & localized benefits with limited impact. Offers time-limited jobs usually related to construction | H6: Contributions in either safety or resilience in the local/ regional level
B7: 1 | C7: No measurable environmental benefit/ risk of negative impact | D7: No added value for EU-level integration. Improves connectivity for a country only, no EU benefit | E7: Very High CAPEX (Tunneling) and high maintenance (estimated > 10 billion Euros) | F7: High engineering complexity (under water tunneling, etc.), AND encompassing multiple countries in scope and would require decades to complete (>10 years) | G7: no significant contribution | H7: No improvement or potential risk unaddressed

Sheet Electre csv
A1: Scenario no. | B1: Scenarios | C1: Environmental Impact | D1: Cross-Border Connectivity & Network Integration | E1: Cost (CAPEX + O&M) | F1: Complexity/ Feasibility | G1: Socio Economic Benefits | H1: Safety & Resilience
A2: 1 | B2: SC1 | C2: 4 | D2: 4 | E2: 2 | F2: 1 | G2: 5 | H2: 4
A3: 3 | B3: SC3 | C3: 4 | D3: 3 | E3: 4 | F3: 3 | G3: 3 | H3: 3
A4: 9 | B4: SC9 | C4: 3 | D4: 5 | E4: 1 | F4: 2 | G4: 4 | H4: 3
A5: 10 | B5: SC10 | C5: 3 | D5: 4 | E5: 3 | F5: 3 | G5: 4 | H5: 3
A6: 11 | B6: SC11 | C6: 3 | D6: 1 | E6: 4 | F6: 4 | G6: 3 | H6: 3
A7: 12 | B7: SC12 | C7: 3 | D7: 2 | E7: 5 | F7: 3 | G7: 3 | H7: 4
A8: 13 | B8: SC13 | C8: 4 | D8: 1 | E8: 5 | F8: 5 | G8: 2 | H8: 3
A9: 16 | B9: SC16 | C9: 3 | D9: 2 | E9: 4 | F9: 2 | G9: 3 | H9: 4
A10: 18 | B10: SC18 | C10: 4 | D10: 5 | E10: 3 | F10: 2 | G10: 5 | H10: 4
A11: 20 | B11: SC20 | C11: 3 | D11: 4 | E11: 5 | F11: 3 | G11: 5 | H11: 3

Sheet Ranking csv
A1: Weight | B1: Scenarios
A2: 4 | B2: Environmental Impact
A3: 8 | B3: Cross-Border Connectivity & Network Integration
A4: 6 | B4: Cost (CAPEX + O&M)
A5: 4 | B5: Complexity/ Feasibility
A6: 9 | B6: Socio Economic Benefits
A7: 2 | B7: Safety & Resilience

Sheet Outranking Graph Result

Sheet MCDA - AHP
P2: AHP
P4: Social | AA4: Environmental | AL4: Economic
O6: C5 | P6: Labour market and sociographic job distribution | Z6: C3 | AA6: Ecosystem and biodiversity loss | AK6: C1 | AL6: Integration of European transport | BH6: Geometric Mean Scores
BE7: Criteria | BG7: Weights | BH7: SC1 | BI7: SC10 | BJ7: SC18 | BK7: SC20
P8: Weights | Q8: 0.1 | AA8: Weights | AB8: 0.15 | AL8: Weights | AM8: 0.3 | BE8: Social | BF8: Labour market and sociographic job distribution | BG8: =BC14 -> 0.010865979 | BH8: =$V$10 -> 0.21627078 | BI8: =$V$11 -> 0.12378412 | BJ8: =$V$12 -> 0.63406145 | BK8: =$V$13 -> 0.025883653
Q9: SC1 | R9: SC10 | S9: SC18 | T9: SC20 | V9: Score (Geometric Mean) | AB9: SC1 | AC9: SC10 | AD9: SC18 | AE9: SC20 | AG9: Score (Geometric Mean) | AM9: SC1 | AN9: SC10 | AO9: SC18 | AP9: SC20 | AR9: Score (Geometric Mean) | AV9: C1 | AW9: C2 | AX9: C3 | AY9: C4 | AZ9: C5 | BA9: C6 | BC9: Score (Geometric Mean) | BE9: Social | BF9: Territorial cohesion | BG9: =BC15 -> 0.010865979 | BH9: =$V$28 -> 0.51416558 | BI9: =$V$29 -> 0.32390402 | BJ9: =$V$30 -> 0.12628015 | BK9: =$V$31 -> 0.03565025
P10: SC1 | Q10: ='MCDA - Social'!J5 -> 1 | R10: ='MCDA - Social'!K5 -> 2 | S10: ='MCDA - Social'!L5 -> 0.33333333 | T10: ='MCDA - Social'!M5 -> 5 | U10: =(Q10*R10*S10*T10)^(1/3) -> 1.4938016 | V10: =U10/SUM($U$10:$U$13) -> 0.21627078 | AA10: SC1 | AB10: 1 | AC10: 3 | AD10: 0.333333 | AE10: 0.2 | AF10: =(AB10*AC10*AD10*AE10)^(1/3) -> 0.58480335 | AG10: =AF10/SUM($AF$10:$AF$13) -> 0.076749463 | AL10: SC1 | AM10: ='MCDA - Economic'!W27 -> 1 | AN10: ='MCDA - Economic'!X27 -> 5 | AO10: ='MCDA - Economic'!Y27 -> 0.33333333 | AP10: ='MCDA - Economic'!Z27 -> 0.33333333 | AQ10: =(AM10*AN10*AO10*AP10)^(1/3) -> 0.82207069 | AR10: =AQ10/SUM($AQ$10:$AQ$13) -> 0.12366299 | AU10: C1 | AV10: 1 | AW10: 2 | AX10: 5 | AY10: 6 | AZ10: 6 | BA10: 6 | BB10: =(AX10*AY10*AZ10*BA10*AW10*AV10)^(1/3) -> 12.926608 | BC10: =BB10/SUM($BB$10:$BB$15) -> 0.62945924 | BE10: Environmental | BF10: Ecosystem and biodiversity loss | BG10: =BC12 -> 0.059234382 | BH10: =$AG$10 -> 0.076749463 | BI10: =$AG$11 -> 0.025583146 | BJ10: =$AG$12 -> 0.22441679 | BK10: =$AG$13 -> 0.6732506
P11: SC10 | Q11: ='MCDA - Social'!J6 -> 0.5 | R11: ='MCDA - Social'!K6 -> 1 | S11: ='MCDA - Social'!L6 -> 0.25 | T11: ='MCDA - Social'!M6 -> 5 | U11: =(Q11*R11*S11*T11)^(1/3) -> 0.85498797 | V11: =U11/SUM($U$10:$U$13) -> 0.12378412 | AA11: SC10 | AB11: 0.333333 | AC11: 1 | AD11: 0.2 | AE11: 0.111111 | AF11: =(AB11*AC11*AD11*AE11)^(1/3) -> 0.19493439 | AG11: =AF11/SUM($AF$10:$AF$13) -> 0.025583146 | AL11: SC10 | AM11: ='MCDA - Economic'!W28 -> 0.2 | AN11: ='MCDA - Economic'!X28 -> 1 | AO11: ='MCDA - Economic'!Y28 -> 0.14285714 | AP11: ='MCDA - Economic'!Z28 -> 0.14285714 | AQ11: =(AM11*AN11*AO11*AP11)^(1/3) -> 0.15981271 | AR11: =AQ11/SUM($AQ$10:$AQ$13) -> 0.02404041 | AU11: C2 | AV11: =1/AW10 -> 0.5 | AW11: 1 | AX11: 3 | AY11: 5 | AZ11: 5 | BA11: 5 | BB11: =(AX11*AY11*AZ11*BA11*AW11*AV11)^(1/3) -> 5.7235712 | BC11: =BB11/SUM($BB$10:$BB$15) -> 0.27870844 | BE11: Environmental | BF11: Non-renewable dependance | BG11: =BC13 -> 0.010865979 | BH11: =$AG$28 -> 0.67374603 | BI11: =$AG$29 -> 0.032609169 | BJ11: =$AG$30 -> 0.19804135 | BK11: =$AG$31 -> 0.095603444
P12: SC18 | Q12: ='MCDA - Social'!J7 -> 3 | R12: ='MCDA - Social'!K7 -> 4 | S12: ='MCDA - Social'!L7 -> 1 | T12: ='MCDA - Social'!M7 -> 7 | U12: =(Q12*R12*S12*T12)^(1/3) -> 4.3795191 | V12: =U12/SUM($U$10:$U$13) -> 0.63406145 | AA12: SC18 | AB12: 3 | AC12: 5 | AD12: 1 | AE12: 0.333333 | AF12: =(AB12*AC12*AD12*AE12)^(1/3) -> 1.7099754 | AG12: =AF12/SUM($AF$10:$AF$13) -> 0.22441679 | AL12: SC18 | AM12: ='MCDA - Economic'!W29 -> 3 | AN12: ='MCDA - Economic'!X29 -> 7 | AO12: ='MCDA - Economic'!Y29 -> 1 | AP12: ='MCDA - Economic'!Z29 -> 0.5 | AQ12: =(AM12*AN12*AO12*AP12)^(1/3) -> 2.1897596 | AR12: =AQ12/SUM($AQ$10:$AQ$13) -> 0.32940259 | AU12: C3 | AV12: =1/AX10 -> 0.2 | AW12: =1/AX11 -> 0.33333333 | AX12: 1 | AY12: 3 | AZ12: 3 | BA12: 3 | BB12: =(AX12*AY12*AZ12*BA12*AW12*AV12)^(1/3) -> 1.2164404 | BC12: =BB12/SUM($BB$10:$BB$15) -> 0.059234382 | BE12: Economic | BF12: Integration of European transport | BG12: =BC10 -> 0.62945924 | BH12: =$AR$10 -> 0.12366299 | BI12: =$AR$11 -> 0.02404041 | BJ12: =$AR$12 -> 0.32940259 | BK12: =$AR$13 -> 0.52289401
P13: SC20 | Q13: ='MCDA - Social'!J8 -> 0.2 | R13: ='MCDA - Social'!K8 -> 0.2 | S13: ='MCDA - Social'!L8 -> 0.14285714 | T13: ='MCDA - Social'!M8 -> 1 | U13: =(Q13*R13*S13*T13)^(1/3) -> 0.17878071 | V13: =U13/SUM($U$10:$U$13) -> 0.025883653 | AA13: SC20 | AB13: 5 | AC13: 9 | AD13: 3 | AE13: 1 | AF13: =(AB13*AC13*AD13*AE13)^(1/3) -> 5.1299278 | AG13: =AF13/SUM($AF$10:$AF$13) -> 0.6732506 | AL13: SC20 | AM13: ='MCDA - Economic'!W30 -> 3 | AN13: ='MCDA - Economic'!X30 -> 7 | AO13: ='MCDA - Economic'!Y30 -> 2 | AP13: ='MCDA - Economic'!Z30 -> 1 | AQ13: =(AM13*AN13*AO13*AP13)^(1/3) -> 3.4760266 | AR13: =AQ13/SUM($AQ$10:$AQ$13) -> 0.52289401 | AU13: C4 | AV13: =1/AY10 -> 0.16666667 | AW13: =1/AY11 -> 0.2 | AX13: =1/AY12 -> 0.33333333 | AY13: 1 | AZ13: 1 | BA13: 1 | BB13: =(AX13*AY13*AZ13*BA13*AW13*AV13)^(1/3) -> 0.22314432 | BC13: =BB13/SUM($BB$10:$BB$15) -> 0.010865979 | BE13: Economic | BF13: Location of companies and logistic centers | BG13: =BC11 -> 0.27870844 | BH13: =$AR$28 -> 0.10225757 | BI13: =$AR$29 -> 0.026727979 | BJ13: =$AR$30 -> 0.56424175 | BK13: =$AR$31 -> 0.3067727
P14: Sum | Q14: =SUM(Q10:Q13) -> 4.7 | R14: =SUM(R10:R13) -> 7.2 | S14: =SUM(S10:S13) -> 1.7261905 | T14: =SUM(T10:T13) -> 18 | V14: =SUM(V10:V13) -> 1 | AA14: Sum | AB14: =SUM(AB10:AB13) -> 9.333333 | AC14: =SUM(AC10:AC13) -> 18 | AD14: =SUM(AD10:AD13) -> 4.533333 | AE14: =SUM(AE10:AE13) -> 1.644444 | AG14: =SUM(AG10:AG13) -> 1 | AL14: Sum | AM14: =SUM(AM10:AM13) -> 7.2 | AN14: =SUM(AN10:AN13) -> 20 | AO14: =SUM(AO10:AO13) -> 3.4761905 | AP14: =SUM(AP10:AP13) -> 1.9761905 | AR14: =SUM(AR10:AR13) -> 1 | AU14: C5 | AV14: =1/AZ10 -> 0.16666667 | AW14: =1/AZ11 -> 0.2 | AX14: =1/AZ12 -> 0.33333333 | AY14: =1/AZ13 -> 1 | AZ14: 1 | BA14: 1 | BB14: =(AX14*AY14*AZ14*BA14*AW14*AV14)^(1/3) -> 0.22314432 | BC14: =BB14/SUM($BB$10:$BB$15) -> 0.010865979 | BG14: AHP Score | BH14: =($BG$8*BH8)+($BG$9*BH9)+($BG$10*BH10)+($BG$11*BH11)+($BG$12+BH12)+($BG$13*BH13) -> 0.8014263 | BI14: =($BG$8*BI8)+($BG$9*BI9)+($BG$10*BI10)+($BG$11*BI11)+($BG$12+BI12)+($BG$13*BI13) -> 0.66768327 | BJ14: =($BG$8*BJ8)+($BG$9*BJ9)+($BG$10*BJ10)+($BG$11*BJ11)+($BG$12+BJ12)+($BG$13*BJ13) -> 1.1398277 | BK14: =($BG$8*BK8)+($BG$9*BK9)+($BG$10*BK10)+($BG$11*BK11)+($BG$12+BK12)+($BG$13*BK13) -> 1.2794404
AU15: C6 | AV15: =1/BA10 -> 0.16666667 | AW15: =1/BA11 -> 0.2 | AX15: =1/BA12 -> 0.33333333 | AY15: =1/BA13 -> 1 | AZ15: =1/BA14 -> 1 | BA15: 1 | BB15: =(AX15*AY15*AZ15*BA15*AW15*AV15)^(1/3) -> 0.22314432 | BC15: =BB15/SUM($BB$10:$BB$15) -> 0.010865979 | BG15: Normalized | BH15: =BH14*100/SUM($BH$14:$BK$14) -> 20.610814 | BI15: =BI14*100/SUM($BH$14:$BK$14) -> 17.171255 | BJ15: =BJ14*100/SUM($BH$14:$BK$14) -> 29.313709 | BK15: =BK14*100/SUM($BH$14:$BK$14) -> 32.904222
Q16: SC1 | R16: SC10 | S16: SC18 | T16: SC20 | U16: Avg | V16: Lambda | W16: CI | AB16: SC1 | AC16: SC10 | AD16: SC18 | AE16: SC20 | AF16: Avg | AG16: Lambda | AH16: CI | AM16: SC1 | AN16: SC10 | AO16: SC18 | AP16: SC20 | AQ16: Avg | AR16: Lambda | AS16: CI | AU16: Sum | AV16: =SUM(AV10:AV15) -> 2.2 | AW16: =SUM(AW10:AW15) -> 3.9333333 | AX16: =SUM(AX10:AX15) -> 10 | AY16: =SUM(AY10:AY15) -> 17 | AZ16: =SUM(AZ10:AZ15) -> 17 | BA16: =SUM(BA10:BA15) -> 17 | BC16: =SUM(BC10:BC15) -> 1
P17: SC1 | Q17: =Q10/Q$14 -> 0.21276596 | R17: =R10/R$14 -> 0.27777778 | S17: =S10/S$14 -> 0.19310345 | T17: =T10/T$14 -> 0.27777778 | U17: =AVERAGE(Q17:T17) -> 0.24035624 | V17: {=MMULT(Q10:T10,U17:U20)/U17} -> 4.2240316 | W17: =(V22-4)/3 -> 0.08173434 | AA17: SC1 | AB17: =AB10/AB$14 -> 0.10714286 | AC17: =AC10/AC$14 -> 0.16666667 | AD17: =AD10/AD$14 -> 0.073529344 | AE17: =AE10/AE$14 -> 0.12162165 | AF17: =AVERAGE(AB17:AE17) -> 0.11724013 | AG17: {=MMULT(AB10:AE10,AF17:AF20)/AF17} -> 4.0083863 | AH17: =(AG22-4)/3 -> 0.046571924 | AL17: SC1 | AM17: =AM10/AM$14 -> 0.13888889 | AN17: =AN10/AN$14 -> 0.25 | AO17: =AO10/AO$14 -> 0.095890411 | AP17: =AP10/AP$14 -> 0.1686747 | AQ17: =AVERAGE(AM17:AP17) -> 0.1633635 | AR17: {=MMULT(AM10:AP10,AQ17:AQ20)/AQ17} -> 4.0723027 | AS17: =(AR22-4)/3 -> 0.076610077
P18: SC10 | Q18: =Q11/Q$14 -> 0.10638298 | R18: =R11/R$14 -> 0.13888889 | S18: =S11/S$14 -> 0.14482759 | T18: =T11/T$14 -> 0.27777778 | U18: =AVERAGE(Q18:T18) -> 0.16696931 | V18: {=MMULT(Q11:T11,U17:U20)/U18} -> 4.0910642 | AA18: SC10 | AB18: =AB11/AB$14 -> 0.035714251 | AC18: =AC11/AC$14 -> 0.055555556 | AD18: =AD11/AD$14 -> 0.04411765 | AE18: =AE11/AE$14 -> 0.067567518 | AF18: =AVERAGE(AB18:AE18) -> 0.050738744 | AG18: {=MMULT(AB11:AE11,AF17:AF20)/AF18} -> 4.0400613 | AL18: SC10 | AM18: =AM11/AM$14 -> 0.027777778 | AN18: =AN11/AN$14 -> 0.05 | AO18: =AO11/AO$14 -> 0.04109589 | AP18: =AP11/AP$14 -> 0.072289157 | AQ18: =AVERAGE(AM18:AP18) -> 0.047790706 | AR18: {=MMULT(AM11:AP11,AQ17:AQ20)/AQ18} -> 4.0416993 | AV18: C1 | AW18: C2 | AX18: C3 | AY18: C4 | AZ18: C5 | BA18: C6 | BB18: Avg | BC18: Lambda | BD18: CI
P19: SC18 | Q19: =Q12/Q$14 -> 0.63829787 | R19: =R12/R$14 -> 0.55555556 | S19: =S12/S$14 -> 0.57931034 | T19: =T12/T$14 -> 0.38888889 | U19: =AVERAGE(Q19:T19) -> 0.54051317 | V19: {=MMULT(Q12:T12,U17:U20)/U19} -> 4.245203 | AA19: SC18 | AB19: =AB12/AB$14 -> 0.32142858 | AC19: =AC12/AC$14 -> 0.27777778 | AD19: =AD12/AD$14 -> 0.22058825 | AE19: =AE12/AE$14 -> 0.20270255 | AF19: =AVERAGE(AB19:AE19) -> 0.25562429 | AG19: {=MMULT(AB12:AE12,AF17:AF20)/AF19} -> 4.1199938 | AL19: SC18 | AM19: =AM12/AM$14 -> 0.41666667 | AN19: =AN12/AN$14 -> 0.35 | AO19: =AO12/AO$14 -> 0.28767123 | AP19: =AP12/AP$14 -> 0.25301205 | AQ19: =AVERAGE(AM19:AP19) -> 0.32683749 | AR19: {=MMULT(AM12:AP12,AQ17:AQ20)/AQ19} -> 4.2298302 | AU19: C1 | AV19: =AV10/AV$16 -> 0.45454545 | AW19: =AW10/AW$16 -> 0.50847458 | AX19: =AX10/AX$16 -> 0.5 | AY19: =AY10/AY$16 -> 0.35294118 | AZ19: =AZ10/AZ$16 -> 0.35294118 | BA19: =BA10/BA$16 -> 0.35294118 | BB19: =AVERAGE(AV19:BA19) -> 0.42030726 | BC19: {=MMULT(AV10:BA10,$BB$19:$BB$24)/BB19} -> 6.316912 | BD19: =(BC26-6)/5 -> 0.063382393
P20: SC20 | Q20: =Q13/Q$14 -> 0.042553191 | R20: =R13/R$14 -> 0.027777778 | S20: =S13/S$14 -> 0.082758621 | T20: =T13/T$14 -> 0.055555556 | U20: =AVERAGE(Q20:T20) -> 0.052161286 | V20: {=MMULT(Q13:T13,U17:U20)/U20} -> 4.0421274 | AA20: SC20 | AB20: =AB13/AB$14 -> 0.5357143 | AC20: =AC13/AC$14 -> 0.5 | AD20: =AD13/AD$14 -> 0.66176475 | AE20: =AE13/AE$14 -> 0.60810827 | AF20: =AVERAGE(AB20:AE20) -> 0.57639683 | AG20: {=MMULT(AB13:AE13,AF17:AF20)/AF20} -> 4.1397158 | AL20: SC20 | AM20: =AM13/AM$14 -> 0.41666667 | AN20: =AN13/AN$14 -> 0.35 | AO20: =AO13/AO$14 -> 0.57534247 | AP20: =AP13/AP$14 -> 0.5060241 | AQ20: =AVERAGE(AM20:AP20) -> 0.46200831 | AR20: {=MMULT(AM13:AP13,AQ17:AQ20)/AQ20} -> 4.1997269 | AU20: C2 | AV20: =AV11/AV$16 -> 0.22727273 | AW20: =AW11/AW$16 -> 0.25423729 | AX20: =AX11/AX$16 -> 0.3 | AY20: =AY11/AY$16 -> 0.29411765 | AZ20: =AZ11/AZ$16 -> 0.29411765 | BA20: =BA11/BA$16 -> 0.29411765 | BB20: =AVERAGE(AV20:BA20) -> 0.27731049 | BC20: {=MMULT(AV11:BA11,$BB$19:$BB$24)/BB20} -> 6.2421721
P21: Sum | Q21: =SUM(Q17:Q20) -> 1 | R21: =SUM(R17:R20) -> 1 | S21: =SUM(S17:S20) -> 1 | T21: =SUM(T17:T20) -> 1 | U21: =SUM(U17:U20) -> 1 | AA21: Sum | AB21: =SUM(AB17:AB20) -> 1 | AC21: =SUM(AC17:AC20) -> 1 | AD21: =SUM(AD17:AD20) -> 1 | AE21: =SUM(AE17:AE20) -> 1 | AF21: =SUM(AF17:AF20) -> 1 | AL21: Sum | AM21: =SUM(AM17:AM20) -> 1 | AN21: =SUM(AN17:AN20) -> 1 | AO21: =SUM(AO17:AO20) -> 1 | AP21: =SUM(AP17:AP20) -> 1 | AQ21: =SUM(AQ17:AQ20) -> 1 | AU21: C3 | AV21: =AV12/AV$16 -> 0.090909091 | AW21: =AW12/AW$16 -> 0.084745763 | AX21: =AX12/AX$16 -> 0.1 | AY21: =AY12/AY$16 -> 0.17647059 | AZ21: =AZ12/AZ$16 -> 0.17647059 | BA21: =BA12/BA$16 -> 0.17647059 | BB21: =AVERAGE(AV21:BA21) -> 0.13417777 | BC21: {=MMULT(AV12:BA12,$BB$19:$BB$24)/BB21} -> 6.076189
U22: Lambda max | V22: =MAX(V17:V20) -> 4.245203 | AF22: Lambda max | AG22: =MAX(AG17:AG20) -> 4.1397158 | AQ22: Lambda max | AR22: =MAX(AR17:AR20) -> 4.2298302 | AU22: C4 | AV22: =AV13/AV$16 -> 0.075757576 | AW22: =AW13/AW$16 -> 0.050847458 | AX22: =AX13/AX$16 -> 0.033333333 | AY22: =AY13/AY$16 -> 0.058823529 | AZ22: =AZ13/AZ$16 -> 0.058823529 | BA22: =BA13/BA$16 -> 0.058823529 | BB22: =AVERAGE(AV22:BA22) -> 0.056068159 | BC22: {=MMULT(AV13:BA13,$BB$19:$BB$24)/BB22} -> 6.0362907
AU23: C5 | AV23: =AV14/AV$16 -> 0.075757576 | AW23: =AW14/AW$16 -> 0.050847458 | AX23: =AX14/AX$16 -> 0.033333333 | AY23: =AY14/AY$16 -> 0.058823529 | AZ23: =AZ14/AZ$16 -> 0.058823529 | BA23: =BA14/BA$16 -> 0.058823529 | BB23: =AVERAGE(AV23:BA23) -> 0.056068159 | BC23: {=MMULT(AV14:BA14,$BB$19:$BB$24)/BB23} -> 6.0362907
O24: C6 | P24: Territorial cohesion | Z24: C4 | AA24: Non-renewable dependance | AK24: C2 | AL24: Location of companies and logistic centers | AU24: C6 | AV24: =AV15/AV$16 -> 0.075757576 | AW24: =AW15/AW$16 -> 0.050847458 | AX24: =AX15/AX$16 -> 0.033333333 | AY24: =AY15/AY$16 -> 0.058823529 | AZ24: =AZ15/AZ$16 -> 0.058823529 | BA24: =BA15/BA$16 -> 0.058823529 | BB24: =AVERAGE(AV24:BA24) -> 0.056068159 | BC24: {=MMULT(AV15:BA15,$BB$19:$BB$24)/BB24} -> 6.0362907
AU25: Sum | AV25: =SUM(AV19:AV24) -> 1 | AW25: =SUM(AW19:AW24) -> 1 | AX25: =SUM(AX19:AX24) -> 1 | AY25: =SUM(AY19:AY24) -> 1 | AZ25: =SUM(AZ19:AZ24) -> 1 | BA25: =SUM(BA19:BA24) -> 1 | BB25: =SUM(BB19:BB24) -> 1
P26: Weights | Q26: =1-(Q8+AB8+AB26+AM8+AM26) -> 0.1 | AA26: Weights | AB26: 0.1 | AL26: Weights | AM26: 0.25 | BB26: Lambda max | BC26: =MAX(BC19:BC24) -> 6.316912
Q27: SC1 | R27: SC10 | S27: SC18 | T27: SC20 | V27: Score (Geometric Mean) | AB27: SC1 | AC27: SC10 | AD27: SC18 | AE27: SC20 | AG27: Score (Geometric Mean) | AM27: SC1 | AN27: SC10 | AO27: SC18 | AP27: SC20 | AR27: Score (Geometric Mean)
P28: SC1 | Q28: ='MCDA - Social'!J12 -> 1 | R28: ='MCDA - Social'!K12 -> 2 | S28: ='MCDA - Social'!L12 -> 3 | T28: ='MCDA - Social'!M12 -> 5 | U28: =(Q28*R28*S28*T28)^(1/3) -> 3.1072325 | V28: =U28/SUM($U$28:$U$31) -> 0.51416558 | AA28: SC1 | AB28: 1 | AC28: 7 | AD28: 3 | AE28: 5 | AF28: =(AB28*AC28*AD28*AE28)^(1/3) -> 4.717694 | AG28: =AF28/SUM($AF$28:$AF$31) -> 0.67374603 | AL28: SC1 | AM28: ='MCDA - Economic'!W53 -> 1 | AN28: ='MCDA - Economic'!X53 -> 4 | AO28: ='MCDA - Economic'!Y53 -> 0.25 | AP28: ='MCDA - Economic'!Z53 -> 0.33333333 | AQ28: =(AM28*AN28*AO28*AP28)^(1/3) -> 0.69336127 | AR28: =AQ28/SUM($AQ$28:$AQ$31) -> 0.10225757
P29: SC10 | Q29: ='MCDA - Social'!J13 -> 0.5 | R29: ='MCDA - Social'!K13 -> 1 | S29: ='MCDA - Social'!L13 -> 3 | T29: ='MCDA - Social'!M13 -> 5 | U29: =(Q29*R29*S29*T29)^(1/3) -> 1.9574338 | V29: =U29/SUM($U$28:$U$31) -> 0.32390402 | AA29: SC10 | AB29: 0.142857 | AC29: 1 | AD29: 0.25 | AE29: 0.333333 | AF29: =(AB29*AC29*AD29*AE29)^(1/3) -> 0.22833542 | AG29: =AF29/SUM($AF$28:$AF$31) -> 0.032609169 | AL29: SC10 | AM29: ='MCDA - Economic'!W54 -> 0.25 | AN29: ='MCDA - Economic'!X54 -> 1 | AO29: ='MCDA - Economic'!Y54 -> 0.14285714 | AP29: ='MCDA - Economic'!Z54 -> 0.16666667 | AQ29: =(AM29*AN29*AO29*AP29)^(1/3) -> 0.18123006 | AR29: =AQ29/SUM($AQ$28:$AQ$31) -> 0.026727979
P30: SC18 | Q30: ='MCDA - Social'!J14 -> 0.33333333 | R30: ='MCDA - Social'!K14 -> 0.33333333 | S30: ='MCDA - Social'!L14 -> 1 | T30: ='MCDA - Social'!M14 -> 4 | U30: =(Q30*R30*S30*T30)^(1/3) -> 0.76314283 | V30: =U30/SUM($U$28:$U$31) -> 0.12628015 | AA30: SC18 | AB30: 0.333333 | AC30: 4 | AD30: 1 | AE30: 2 | AF30: =(AB30*AC30*AD30*AE30)^(1/3) -> 1.3867221 | AG30: =AF30/SUM($AF$28:$AF$31) -> 0.19804135 | AL30: SC18 | AM30: ='MCDA - Economic'!W55 -> 4 | AN30: ='MCDA - Economic'!X55 -> 7 | AO30: ='MCDA - Economic'!Y55 -> 1 | AP30: ='MCDA - Economic'!Z55 -> 2 | AQ30: =(AM30*AN30*AO30*AP30)^(1/3) -> 3.8258624 | AR30: =AQ30/SUM($AQ$28:$AQ$31) -> 0.56424175
P31: SC20 | Q31: ='MCDA - Social'!J15 -> 0.2 | R31: ='MCDA - Social'!K15 -> 0.2 | S31: ='MCDA - Social'!L15 -> 0.25 | T31: ='MCDA - Social'!M15 -> 1 | U31: =(Q31*R31*S31*T31)^(1/3) -> 0.21544347 | V31: =U31/SUM($U$28:$U$31) -> 0.03565025 | AA31: SC20 | AB31: 0.2 | AC31: 3 | AD31: 0.5 | AE31: 1 | AF31: =(AB31*AC31*AD31*AE31)^(1/3) -> 0.66943295 | AG31: =AF31/SUM($AF$28:$AF$31) -> 0.095603444 | AL31: SC20 | AM31: ='MCDA - Economic'!W56 -> 3 | AN31: ='MCDA - Economic'!X56 -> 6 | AO31: ='MCDA - Economic'!Y56 -> 0.5 | AP31: ='MCDA - Economic'!Z56 -> 1 | AQ31: =(AM31*AN31*AO31*AP31)^(1/3) -> 2.0800838 | AR31: =AQ31/SUM($AQ$28:$AQ$31) -> 0.3067727
P32: Sum | Q32: =SUM(Q28:Q31) -> 2.0333333 | R32: =SUM(R28:R31) -> 3.5333333 | S32: =SUM(S28:S31) -> 7.25 | T32: =SUM(T28:T31) -> 15 | V32: =SUM(V28:V31) -> 1 | AA32: Sum | AB32: =SUM(AB28:AB31) -> 1.67619 | AC32: =SUM(AC28:AC31) -> 15 | AD32: =SUM(AD28:AD31) -> 4.75 | AE32: =SUM(AE28:AE31) -> 8.333333 | AG32: =SUM(AG28:AG31) -> 1 | AL32: Sum | AM32: =SUM(AM28:AM31) -> 8.25 | AN32: =SUM(AN28:AN31) -> 18 | AO32: =SUM(AO28:AO31) -> 1.8928571 | AP32: =SUM(AP28:AP31) -> 3.5 | AR32: =SUM(AR28:AR31) -> 1
Q34: SC1 | R34: SC10 | S34: SC18 | T34: SC20 | U34: Avg | V34: Lambda | W34: CI | AB34: SC1 | AC34: SC10 | AD34: SC18 | AE34: SC20 | AF34: Avg | AG34: Lambda | AH34: CI | AM34: SC1 | AN34: SC10 | AO34: SC18 | AP34: SC20 | AQ34: Avg | AR34: Lambda | AS34: CI
P35: SC1 | Q35: =Q28/Q$32 -> 0.49180328 | R35: =R28/R$32 -> 0.56603774 | S35: =S28/S$32 -> 0.4137931 | T35: =T28/T$32 -> 0.33333333 | U35: =AVERAGE(Q35:T35) -> 0.45124186 | V35: {=MMULT(Q28:T28,$U$35:$U$38)/U35} -> 4.2251431 | W35: =(V40-4)/3 -> 0.089737403 | AA35: SC1 | AB35: =AB28/AB$32 -> 0.59659108 | AC35: =AC28/AC$32 -> 0.46666667 | AD35: =AD28/AD$32 -> 0.63157895 | AE35: =AE28/AE$32 -> 0.60000002 | AF35: =AVERAGE(AB35:AE35) -> 0.57370918 | AG35: {=MMULT(AB28:AE28,AF35:AF38)/AF35} -> 4.1299631 | AH35: =(AG40-4)/3 -> 0.043321039 | AL35: SC1 | AM35: =AM28/AM$32 -> 0.12121212 | AN35: =AN28/AN$32 -> 0.22222222 | AO35: =AO28/AO$32 -> 0.13207547 | AP35: =AP28/AP$32 -> 0.095238095 | AQ35: =AVERAGE(AM35:AP35) -> 0.14268698 | AR35: {=MMULT(AM28:AP28,AQ35:AQ38)/AQ35} -> 4.0569992 | AS35: =(AR40-4)/3 -> 0.056721986
P36: SC10 | Q36: =Q29/Q$32 -> 0.24590164 | R36: =R29/R$32 -> 0.28301887 | S36: =S29/S$32 -> 0.4137931 | T36: =T29/T$32 -> 0.33333333 | U36: =AVERAGE(Q36:T36) -> 0.31901174 | V36: {=MMULT(Q29:T29,$U$35:$U$38)/U36} -> 4.2692122 | AA36: SC10 | AB36: =AB29/AB$32 -> 0.085227212 | AC36: =AC29/AC$32 -> 0.066666667 | AD36: =AD29/AD$32 -> 0.052631579 | AE36: =AE29/AE$32 -> 0.039999962 | AF36: =AVERAGE(AB36:AE36) -> 0.061131355 | AG36: {=MMULT(AB29:AE29,AF35:AF38)/AF36} -> 4.0196229 | AL36: SC10 | AM36: =AM29/AM$32 -> 0.03030303 | AN36: =AN29/AN$32 -> 0.055555556 | AO36: =AO29/AO$32 -> 0.075471698 | AP36: =AP29/AP$32 -> 0.047619048 | AQ36: =AVERAGE(AM36:AP36) -> 0.052237333 | AR36: {=MMULT(AM29:AP29,AQ35:AQ38)/AQ36} -> 4.0266513
P37: SC18 | Q37: =Q30/Q$32 -> 0.16393443 | R37: =R30/R$32 -> 0.094339623 | S37: =S30/S$32 -> 0.13793103 | T37: =T30/T$32 -> 0.26666667 | U37: =AVERAGE(Q37:T37) -> 0.16571794 | V37: {=MMULT(Q30:T30,$U$35:$U$38)/U37} -> 4.0948071 | AA37: SC18 | AB37: =AB30/AB$32 -> 0.19886349 | AC37: =AC30/AC$32 -> 0.26666667 | AD37: =AD30/AD$32 -> 0.21052632 | AE37: =AE30/AE$32 -> 0.24000001 | AF37: =AVERAGE(AB37:AE37) -> 0.22901412 | AG37: {=MMULT(AB30:AE30,AF35:AF38)/AF37} -> 4.0917408 | AL37: SC18 | AM37: =AM30/AM$32 -> 0.48484848 | AN37: =AN30/AN$32 -> 0.38888889 | AO37: =AO30/AO$32 -> 0.52830189 | AP37: =AP30/AP$32 -> 0.57142857 | AQ37: =AVERAGE(AM37:AP37) -> 0.49336696 | AR37: {=MMULT(AM30:AP30,AQ35:AQ38)/AQ37} -> 4.1615954
P38: SC20 | Q38: =Q31/Q$32 -> 0.098360656 | R38: =R31/R$32 -> 0.056603774 | S38: =S31/S$32 -> 0.034482759 | T38: =T31/T$32 -> 0.066666667 | U38: =AVERAGE(Q38:T38) -> 0.064028464 | V38: {=MMULT(Q31:T31,$U$35:$U$38)/U38} -> 4.0530204 | AA38: SC20 | AB38: =AB31/AB$32 -> 0.11931822 | AC38: =AC31/AC$32 -> 0.2 | AD38: =AD31/AD$32 -> 0.10526316 | AE38: =AE31/AE$32 -> 0.12 | AF38: =AVERAGE(AB38:AE38) -> 0.13614534 | AG38: {=MMULT(AB31:AE31,AF35:AF38)/AF38} -> 4.0309003 | AL38: SC20 | AM38: =AM31/AM$32 -> 0.36363636 | AN38: =AN31/AN$32 -> 0.33333333 | AO38: =AO31/AO$32 -> 0.26415094 | AP38: =AP31/AP$32 -> 0.28571429 | AQ38: =AVERAGE(AM38:AP38) -> 0.31170873 | AR38: {=MMULT(AM31:AP31,AQ35:AQ38)/AQ38} -> 4.170166
P39: Sum | Q39: =SUM(Q35:Q38) -> 1 | R39: =SUM(R35:R38) -> 1 | S39: =SUM(S35:S38) -> 1 | T39: =SUM(T35:T38) -> 1 | U39: =SUM(U35:U38) -> 1 | AA39: Sum | AB39: =SUM(AB35:AB38) -> 1 | AC39: =SUM(AC35:AC38) -> 1 | AD39: =SUM(AD35:AD38) -> 1 | AE39: =SUM(AE35:AE38) -> 1 | AF39: =SUM(AF35:AF38) -> 1 | AL39: Sum | AM39: =SUM(AM35:AM38) -> 1 | AN39: =SUM(AN35:AN38) -> 1 | AO39: =SUM(AO35:AO38) -> 1 | AP39: =SUM(AP35:AP38) -> 1 | AQ39: =SUM(AQ35:AQ38) -> 1
U40: Lambda max | V40: =MAX(V35:V38) -> 4.2692122 | AF40: Lambda max | AG40: =MAX(AG35:AG38) -> 4.1299631 | AQ40: Lambda max | AR40: =MAX(AR35:AR38) -> 4.170166
AA49: Ecosystem and biodiversity loss
AB51: SC1 | AC51: SC10 | AD51: SC18 | AE51: SC20
AA52: SC1 | AB52: 1 | AC52: 3 | AD52: 0.2 | AE52: 4
AA53: SC10 | AB53: 0.33333333 | AC53: 1 | AD53: 0.14285714 | AE53: 2
AA54: SC18 | AB54: 5 | AC54: 7 | AD54: 1 | AE54: 9
AA55: SC20 | AB55: 0.25 | AC55: 0.5 | AD55: 0.11111111 | AE55: 1
AA56: sum | AB56: =SUM(AB52:AB55) -> 6.5833333 | AC56: =SUM(AC52:AC55) -> 11.5 | AD56: =SUM(AD52:AD55) -> 1.4539683 | AE56: =SUM(AE52:AE55) -> 16
AB58: SC1 | AC58: SC10 | AD58: SC18 | AE58: SC20 | AF58: Avg | AG58: Lambda | AH58: CI
AA59: SC1 | AB59: =AB52/AB$56 -> 0.15189873 | AC59: =AC52/AC$56 -> 0.26086957 | AD59: =AD52/AD$56 -> 0.13755459 | AE59: =AE52/AE$56 -> 0.25 | AF59: =AVERAGE(AB59:AE59) -> 0.20008072 | AG59: {=MMULT(AB52:AE52,AF59:AF62)/AF59} -> 4.1083819 | AH59: =(AG64-4)/3 -> 0.083442876
AA60: SC10 | AB60: =AB53/AB$56 -> 0.050632911 | AC60: =AC53/AC$56 -> 0.086956522 | AD60: =AD53/AD$56 -> 0.098253275 | AE60: =AE53/AE$56 -> 0.125 | AF60: =AVERAGE(AB60:AE60) -> 0.090210677 | AG60: {=MMULT(AB53:AE53,AF59:AF62)/AF60} -> 3.9973853
AA61: SC18 | AB61: =AB54/AB$56 -> 0.75949367 | AC61: =AC54/AC$56 -> 0.60869565 | AD61: =AD54/AD$56 -> 0.68777293 | AE61: =AE54/AE$56 -> 0.5625 | AF61: =AVERAGE(AB61:AE61) -> 0.65461556 | AG61: {=MMULT(AB54:AE54,AF59:AF62)/AF61} -> 4.2503286
AA62: SC20 | AB62: =AB55/AB$56 -> 0.037974684 | AC62: =AC55/AC$56 -> 0.043478261 | AD62: =AD55/AD$56 -> 0.076419214 | AE62: =AE55/AE$56 -> 0.0625 | AF62: =AVERAGE(AB62:AE62) -> 0.05509304 | AG62: {=MMULT(AB55:AE55,AF59:AF62)/AF62} -> 4.0468564
AA63: Sum | AB63: =SUM(AB59:AB62) -> 1 | AC63: =SUM(AC59:AC62) -> 1 | AD63: =SUM(AD59:AD62) -> 1 | AE63: =SUM(AE59:AE62) -> 1 | AF63: =SUM(AF59:AF62) -> 1
AF64: Lambda max | AG64: =MAX(AG59:AG62) -> 4.2503286
AA67: Fossil Fuel Dependancy
AB69: SC1 | AC69: SC10 | AD69: SC18 | AE69: SC20
AA70: SC1 | AB70: 1 | AC70: 7 | AD70: 9 | AE70: 4
AA71: SC10 | AB71: 0.14285714 | AC71: 1 | AD71: 3 | AE71: 0.33333333
AA72: SC18 | AB72: 0.11111111 | AC72: 0.33333333 | AD72: 1 | AE72: 0.25
AA73: SC20 | AB73: 0.25 | AC73: 3 | AD73: 4 | AE73: 1
AA74: sum | AB74: =SUM(AB70:AB73) -> 1.5039683 | AC74: =SUM(AC70:AC73) -> 11.333333 | AD74: =SUM(AD70:AD73) -> 17 | AE74: =SUM(AE70:AE73) -> 5.5833333
AB76: SC1 | AC76: SC10 | AD76: SC18 | AE76: SC20 | AF76: Avg | AG76: Lambda | AH76: CI
AA77: SC1 | AB77: =AB70/AB$74 -> 0.66490765 | AC77: =AC70/AC$74 -> 0.61764706 | AD77: =AD70/AD$74 -> 0.52941176 | AE77: =AE70/AE$74 -> 0.71641791 | AF77: =AVERAGE(AB77:AE77) -> 0.6320961 | AG77: {=MMULT(AB70:AE70,AF77:AF80)/AF77} -> 4.2349097 | AH77: =(AG82-4)/3 -> 0.078303238
AA78: SC10 | AB78: =AB71/AB$74 -> 0.094986807 | AC78: =AC71/AC$74 -> 0.088235294 | AD78: =AD71/AD$74 -> 0.17647059 | AE78: =AE71/AE$74 -> 0.059701493 | AF78: =AVERAGE(AB78:AE78) -> 0.10484855 | AG78: {=MMULT(AB71:AE71,AF77:AF80)/AF78} -> 4.0130247
AA79: SC18 | AB79: =AB72/AB$74 -> 0.073878628 | AC79: =AC72/AC$74 -> 0.029411765 | AD79: =AD72/AD$74 -> 0.058823529 | AE79: =AE72/AE$74 -> 0.044776119 | AF79: =AVERAGE(AB79:AE79) -> 0.05172251 | AG79: {=MMULT(AB72:AE72,AF77:AF80)/AF79} -> 4.0550649
AA80: SC20 | AB80: =AB73/AB$74 -> 0.16622691 | AC80: =AC73/AC$74 -> 0.26470588 | AD80: =AD73/AD$74 -> 0.23529412 | AE80: =AE73/AE$74 -> 0.17910448 | AF80: =AVERAGE(AB80:AE80) -> 0.21133285 | AG80: {=MMULT(AB73:AE73,AF77:AF80)/AF80} -> 4.2151164
AA81: Sum | AB81: =SUM(AB77:AB80) -> 1 | AC81: =SUM(AC77:AC80) -> 1 | AD81: =SUM(AD77:AD80) -> 1 | AE81: =SUM(AE77:AE80) -> 1 | AF81: =SUM(AF77:AF80) -> 1
AF82: Lambda max | AG82: =MAX(AG77:AG80) -> 4.2349097

Sheet AHP Vs. REMBRANDT
C2: SC1 | D2: SC10 | E2: SC18 | F2: SC20
B3: AHP | C3: ='MCDA - AHP'!BH15 -> 20.610814 | D3: ='MCDA - AHP'!BI15 -> 17.171255 | E3: ='MCDA - AHP'!BJ15 -> 29.313709 | F3: ='MCDA - AHP'!BK15 -> 32.904222
B4: REMBRANDT | C4: ='MCDA - REMBRANDT'!BP15 -> 11.202224 | D4: ='MCDA - REMBRANDT'!BQ15 -> 1.7579971 | E4: ='MCDA - REMBRANDT'!BR15 -> 38.94215 | F4: ='MCDA - REMBRANDT'!BS15 -> 48.097629

Sheet MCDA - Environment
B2: C3 | C2: Ecosystem and Biodiversity Loss | W2: SC10 is rated worst (0) because it has by far the largest amount of new infrastructure, especially roads, implying the highest land-take and fragmentation. SC20 is best (100) because it focuses on upgrades in existing corridors. SC1 and SC18 sit in between: SC1 has significant new tunnel and construction footprint, while SC18 has moderate new works and upgrades.
B3: C4 | C3: Non-renewable dependence - (construction + operational) | T3: C3 | U3: Scenario | V3: Eco-system & Biodiversity Score (higher=better)
U4: SC1 | V4: 30
C5: Alternatives | U5: SC10 | V5: 0
B6: S01 | C6: Munich - Verona | U6: SC18 | V6: 60
B7: S10 | C7: Hungary - Romania + Bulgary - Greece | U7: SC20 | V7: 100
B8: S18 | C8: Fehmarn Belt (incl. upgrades)
B9: S20 | C9: Upgrades in Cologne
T10: C4 | U10: Scenario | V10: Non-renewable Dependence Score | W10: SC1 is best (100) because it is almost entirely rail-oriented, supporting a shift away from oil-dependent road transport. SC10 is worst (0) as it massively expands the road network, reinforcing oil dependence. SC18 mixes new road and new rail but leans more than SC20 toward improving rail, so it gets a higher score than SC20, which mainly upgrades roads.
U11: SC1 | V11: 100
U12: SC10 | V12: 0
U13: SC18 | V13: 70
U14: SC20 | V14: 30
U18: AHP | AB18: REMBRANDT
U19: C3 | AB19: C3
V20: SC1 | W20: SC10 | X20: SC18 | Y20: SC20 | AC20: SC1 | AD20: SC10 | AE20: SC18 | AF20: SC20
U21: SC1 | V21: 1 | W21: 3 | X21: 0.333333 | Y21: 0.2 | AB21: SC1 | AC21: 0 | AD21: 2 | AE21: -4 | AF21: -6
A22: AHP | K22: REMBRANDT | U22: SC10 | V22: 0.333333 | W22: 1 | X22: 0.2 | Y22: 0.111111 | AB22: SC10 | AC22: -2 | AD22: 0 | AE22: -6 | AF22: -8
U23: SC18 | V23: 3 | W23: 5 | X23: 1 | Y23: 0.333333 | AB23: SC18 | AC23: 4 | AD23: 6 | AE23: 0 | AF23: -4
U24: SC20 | V24: 5 | W24: 9 | X24: 3 | Y24: 1 | AB24: SC20 | AC24: 6 | AD24: 8 | AE24: 4 | AF24: 0
U28: C4 | AB28: C4
V29: SC1 | W29: SC10 | X29: SC18 | Y29: SC20 | AC29: SC1 | AD29: SC10 | AE29: SC18 | AF29: SC20
U30: SC1 | V30: 1 | W30: 9 | X30: 3 | Y30: 7 | AB30: SC1 | AC30: 0 | AD30: 6 | AE30: 4 | AF30: 4
U31: SC10 | V31: 0.111111 | W31: 1 | X31: 0.142857 | Y31: 0.333333 | AB31: SC10 | AC31: -6 | AD31: 0 | AE31: -4 | AF31: -2
U32: SC18 | V32: 0.333333 | W32: 7 | X32: 1 | Y32: 5 | AB32: SC18 | AC32: -4 | AD32: 4 | AE32: 0 | AF32: 2
U33: SC20 | V33: 0.142857 | W33: 3 | X33: 0.2 | Y33: 1 | AB33: SC20 | AC33: -4 | AD33: 2 | AE33: -2 | AF33: 0
B50: 1. Ecosystem/Biodiversity Impact (from weakest → strongest impact) | M50: based on reports from the relevant countries on individual parts of the larger scenarios
B51: Least impact
B52: → Sc 20 (urban, avoids Natura 2000 sites)
B53: → Sc 10 (fragmented, small Natura 2000 % impacts)
B54: → Sc 1 (Alpine ecosystem risk, groundwater, habitat fragmentation)
B55: → Sc 18 (largest quantified marine impacts + dredging + sensitive species)
B56: Most impact
B57: 2. Fossil-Fuel Dependency (from best → worst) | J57: taken into account: modal shift, energy mix, traffic growth
B58: Most reduction in fossil-fuel dependence
B59: → Sc 1 (strong road→rail shift)
B60: → Sc 20 (freight-reliability → diesel reduction)
B61: → Sc 10 (moderate modal shift potential)
B62: → Sc 18 (big road-traffic growth risk → diesel increase)
B63: Least reduction / possible increase
B66: AHP | K66: Rembrandt
B68: C3 | K68: C3
C69: SC1 | D69: SC10 | E69: SC18 | F69: SC20 | L69: SC1 | M69: SC10 | N69: SC18 | O69: SC20
B70: SC1 | C70: 1 | D70: 3 | E70: 0.2 | F70: 4 | K70: SC1 | L70: 0 | M70: 4 | N70: -4 | O70: 4
B71: SC10 | C71: 0.33333333 | D71: 1 | E71: 0.14285714 | F71: 2 | K71: SC10 | L71: -4 | M71: 0 | N71: -6 | O71: 2
B72: SC18 | C72: 5 | D72: 7 | E72: 1 | F72: 9 | K72: SC18 | L72: 4 | M72: 6 | N72: 0 | O72: 6
B73: SC20 | C73: 0.25 | D73: 0.5 | E73: 0.11111111 | F73: 1 | K73: SC20 | L73: -4 | M73: -2 | N73: -6 | O73: 0
B74: sum | C74: =SUM(C70:C73) -> 6.5833333 | D74: =SUM(D70:D73) -> 11.5 | E74: =SUM(E70:E73) -> 1.4539683 | F74: =SUM(F70:F73) -> 16
B76: C4 | K76: C4
C77: SC1 | D77: SC10 | E77: SC18 | F77: SC20 | L77: SC1 | M77: SC10 | N77: SC18 | O77: SC20
B78: SC1 | C78: 1 | D78: 4 | E78: 7 | F78: 5 | K78: SC1 | L78: 0 | M78: 4 | N78: 6 | O78: 4
B79: SC10 | C79: 0.25 | D79: 1 | E79: 3 | F79: 0.33333333 | K79: SC10 | L79: -4 | M79: 0 | N79: 2 | O79: -4
B80: SC18 | C80: 0.14285714 | D80: 0.33333333 | E80: 1 | F80: 0.2 | K80: SC18 | L80: -6 | M80: -2 | N80: 0 | O80: -4
B81: SC20 | C81: 0.2 | D81: 3 | E81: 5 | F81: 1 | K81: SC20 | L81: -4 | M81: 4 | N81: 4 | O81: 0
B82: sum | C82: =SUM(C78:C81) -> 1.5928571 | D82: =SUM(D78:D81) -> 8.3333333 | E82: =SUM(E78:E81) -> 16 | F82: =SUM(F78:F81) -> 6.5333333

Sheet MCDA - Social
I2: AHP
B3: Criteria | C3: Name | D3: Explanation | I3: Criterion 5
B4: C5 | C4: Labour market and sociographic job distribution | D4: Net Jobs created and duration | F4: entries >1 mean row i preferred over column j by that factor; | J4: SC1 | K4: SC10 | L4: SC18 | M4: SC20 | N4: CI
B5: C6 | C5: Territorial cohesion | D5: https://www.tandfonline.com/doi/full/10.1080/09654313.2022.2143713#d1e381 | I5: SC1 | J5: 1 | K5: 2 | L5: =1/3 -> 0.33333333 | M5: 5 | N5: ='MCDA - AHP'!W17 -> 0.08173434
I6: SC10 | J6: =1/K5 -> 0.5 | K6: 1 | L6: =1/4 -> 0.25 | M6: 5
C7: Alternatives | I7: SC18 | J7: =1/L5 -> 3 | K7: =1/L6 -> 4 | L7: 1 | M7: 7
B8: S01 | C8: Munich - Verona | I8: SC20 | J8: =1/M5 -> 0.2 | K8: =1/M6 -> 0.2 | L8: =1/M7 -> 0.14285714 | M8: 1
B9: S10 | C9: Hungary - Romania + Bulgary - Greece
B10: S18 | C10: Fehmarn Belt (incl. upgrades) | I10: Criterion 6
B11: S20 | C11: Upgrades in Cologne | J11: SC1 | K11: SC10 | L11: SC18 | M11: SC20 | N11: CI
I12: SC1 | J12: 1 | K12: 2 | L12: 3 | M12: 5 | N12: ='MCDA - AHP'!W35 -> 0.089737403
I13: SC10 | J13: =1/K12 -> 0.5 | K13: 1 | L13: 3 | M13: 5
I14: SC18 | J14: =1/L12 -> 0.33333333 | K14: =1/L13 -> 0.33333333 | L14: 1 | M14: 4
I15: SC20 | J15: =1/M12 -> 0.2 | K15: =1/M13 -> 0.2 | L15: =1/M14 -> 0.25 | M15: 1
I17: REMBRANDT
I18: Criterion 5
J19: SC1 | K19: SC10 | L19: SC18 | M19: SC20
I20: SC1 | J20: 0 | K20: 4 | L20: -4 | M20: 6
I21: SC10 | J21: =-K20 -> -4 | K21: 0 | L21: -2 | M21: 6
I22: SC18 | J22: =-L20 -> 4 | K22: =-L21 -> 2 | L22: 0 | M22: 6
I23: SC20 | J23: =-M20 -> -6 | K23: =-M21 -> -6 | L23: =-M22 -> -6 | M23: 0
I25: Criterion 6
J26: SC1 | K26: SC10 | L26: SC18 | M26: SC20
I27: SC1 | J27: 0 | K27: 2 | L27: 4 | M27: 6
I28: SC10 | J28: =-K27 -> -2 | K28: 0 | L28: 4 | M28: 6
I29: SC18 | J29: =-L27 -> -4 | K29: =-L28 -> -4 | L29: 0 | M29: 6
I30: SC20 | J30: =-M27 -> -6 | K30: =-M28 -> -6 | L30: =-M29 -> -6 | M30: 0
B43: AHP | D43: REMBRANDT
B66: Criteria | C66: C5
B67: SC1 | C67: Capital intensive tunnel construction and long upgrades (55 km new Tunnel railway, 293 + 326 rail upgrades)
B68: SC10 | C68: Extremely large total length of works (456 km new roads, 52 km new railways, 850 + 931 km upgrade rail)
B69: SC18 | C69: Bridge + new rail line + upgrades rail (19 km new roads, 19 km new rail, 358 + 490 rail upgrades)
B70: SC20 | C70: Localized upgrades - 625 km road upgrades, 130 + 246 rail upgrades
C72: Additional | D72: New Roads (km) | E72: New Rail (km) | F72: Road Upgrade (km) | G72: Upgrade passenger rail (km) | H72: Upgrade Freight rail (km) | I72: Total Rail works | J72: Total Road works | K72: Works (jobs + rail)
B73: SC1 | C73: Tunnel Construction - 55 km | D73: 0 | E73: 55 | F73: 0 | G73: 293 | H73: 326 | I73: =G73+H73 -> 619 | J73: =E73+F73 -> 55 | K73: =I73+(J73*1.7) -> 712.5
B74: SC10 | D74: 456 | E74: 52 | F74: 0 | G74: 850 | H74: 931 | I74: =G74+H74 -> 1781 | J74: =E74+F74 -> 52 | K74: =I74+(J74*1.7) -> 1869.4
B75: SC18 | C75: Tunnel Construction underwater - 19 km | D75: 19 | E75: 19 | F75: 0 | G75: 358 | H75: 490 | I75: =G75+H75 -> 848 | J75: =E75+F75 -> 19 | K75: =I75+(J75*1.7) -> 880.3
B76: SC20 | D76: 0 | E76: 0 | F76: 625 | G76: 130 | H76: 246 | I76: =G76+H76 -> 376 | J76: =E76+F76 -> 625 | K76: =I76+(J76*1.7) -> 1438.5
C78: This creates more job | D78: than | E78: Source
B79: 1 | C79: Road Upgrades per km | D79: New Roads per km | E79: https://t4america.org/2021/03/15/road-and-public-transit-maintenance-creates-more-jobs-than-building-new-highways/
B80: 2 | C80: Bridge works | D80: Road and Rail works | E80: Additional civil works befor road and rail
B81: 3 | C81: Rail works | D81: Road works | E81: https://www.smartgrowthamerica.org/knowledge-hub/news/american-jobs-act-should-use-public-transportation-and-road-repair-to-achieve-job-creation-goals/
C83: Cities connected | D83: Countries connected | E83: Total Terrirorial Cohesion Index
B84: Criteria
B85: SC1 | C85: Munich, Kufstein, Innsbruck, Fortezza, Verona | D85: Germany, Austria, Italy
B86: SC10 | C86: Kulata, Calafat, Arad, Vraca-Lugoj, Timisoara-Hungarian
B87: SC18 | C87: Puttgarden, Roedby, Copenhagen, Hamburg, Hannover, Bremen
B88: SC20 | C88: Frankfurt, Mannheim, cologne
C90: Region | D90: TC
B91: SC1 | C91: Munich | D91: 0.4 | G91: Average | H91: Min | I91: Max | J91: Rank
C92: Kufstein | D92: 0.3 | F92: SC1 | G92: =AVERAGE($D$91:$D$95) -> 0.28 | H92: =MIN($D$91:$D$95) -> 0.2 | I92: =MAX($D$91:$D$95) -> 0.4 | J92: 1
C93: Innsbruck | D93: 0.3 | F93: SC10 | G93: =AVERAGE($D$96:$D$101) -> 0.3 | H93: =MIN($D$96:$D$101) -> 0.2 | I93: =MAX($D$96:$D$101) -> 0.35 | J93: 2
C94: Fortezza | D94: 0.2 | F94: SC18 | G94: =AVERAGE($D$102:$D$107) -> 0.30833333 | H94: =MIN($D$102:$D$107) -> 0.25 | I94: =MAX($D$102:$D$107) -> 0.35 | J94: 3
C95: Verona | D95: 0.2 | F95: SC20 | G95: =AVERAGE($D$108:$D$110) -> 0.36666667 | H95: =MIN($D$108:$D$110) -> 0.35 | I95: =MAX($D$108:$D$110) -> 0.4 | J95: 4
B96: SC10 | C96: Kulata | D96: 0.2
C97: Calafat | D97: 0.3
C98: Arad | D98: 0.35
C99: Vraca | D99: 0.25
C100: Lugoj | D100: 0.35
C101: Timisoara | D101: 0.35
B102: SC18 | C102: Puttgarden | D102: 0.3
C103: Roedby | D103: 0.25
C104: Copenhagen | D104: 0.25
C105: Hamburg | D105: 0.35
C106: Hannover | D106: 0.35
C107: Bremen | D107: 0.35
B108: SC20 | C108: Frankfurt | D108: 0.35
C109: Mannheim | D109: 0.35
C110: Cologne | D110: 0.4
C113: https://www.youtube.com/watch?v=FDvrT60El9Y

Sheet MCDA - Economic
B2: Alternatives | H2: Criteria
B3: Sc1 | C3: Munich - Verona | H3: C1 | I3: Intergration of European Transport
B4: Sc10 | C4: Hungary - Romania + Bulgary - Greece | H4: C2 | I4: Location of companies and logiqtic centers
B5: Sc18 | C5: Fehmarn Belt (incl. upgrades)
B6: Sc20 | C6: Upgrades in Cologne
N7: Sc1 | O7: Upgrade railway between munchen and kufstein
O8: New railway tunnel between Innsbruck and Fortezza (brenner tunnel)
O9: Upgrade railway southern end of brenner tunnel and verona
N11: Sc10 | O11: Upgrade and new railway between Kulata and Calafat
O12: Upgrade railway between calafat and arad
O13: Upgrade motorway between Vraca-Lugoj, Timisoara-hungarion border, and 80km nort of Kulata
N15: Sc18 | O15: Construction of rail/road bridge between fehrman strait, puttgarden and roedby
O16: upgrade of acces routes to planned fehrman belt between Copenhagen-roedby and puttgarden-hamburg
O17: New railwar between hannover and hambur/bremen
N19: Sc20 | O19: New railway between frankfurt and mannheim
O20: upgrading rail and road corridors around cologne
N23: C1 | O23: Intergration of European Transport
O24: Interaction with the bussiest transport routes
V25: AHP
O26: Sc1 | P26: 11.55 million passenger cars | W26: SC1 | X26: SC10 | Y26: SC18 | Z26: SC20
P27: 40 million tonnes of freight per year | V27: SC1 | W27: 1 | X27: 5 | Y27: =1/3 -> 0.33333333 | Z27: =1/3 -> 0.33333333
V28: SC10 | W28: =1/X27 -> 0.2 | X28: 1 | Y28: =1/7 -> 0.14285714 | Z28: =1/7 -> 0.14285714
O29: Sc10 | P29: 1.44 million viechicles in total | V29: SC18 | W29: =1/Y27 -> 3 | X29: =1/Y28 -> 7 | Y29: 1 | Z29: =1/2 -> 0.5
P30: 15.26 milliones tonnes of freight per year | V30: SC20 | W30: =1/Z27 -> 3 | X30: =1/Z28 -> 7 | Y30: =1/Z29 -> 2 | Z30: 1
V31: Sum | W31: =SUM(W27:W30) -> 7.2 | X31: =SUM(X27:X30) -> 20 | Y31: =SUM(Y27:Y30) -> 3.4761905 | Z31: =SUM(Z27:Z30) -> 1.9761905
O32: Sc18 | P32: 1.2 million passengers yearly
P33: 56 million tonnes of freight annually (will grow drastically) | W33: SC1 | X33: SC10 | Y33: SC18 | Z33: SC20 | AA33: AVG | AB33: Lambda
V34: SC1 | W34: =W27/$W$31 -> 0.13888889 | X34: =X27/$X$31 -> 0.25 | Y34: =Y27/$Y$31 -> 0.095890411 | Z34: =Z27/$Z$31 -> 0.1686747 | AA34: =AVERAGE(W34:Z34) -> 0.1633635 | AB34: {=MMULT($W$27:$Z$27,$AA$34:$AA$37)/AA34} -> 4.0723027 | AC34: =(MAX(AB34:AB37)-4)/3 -> 0.076610077
O35: Sc20 | P35: 15 million yearly passengers | V35: SC10 | W35: =W28/$W$31 -> 0.027777778 | X35: =X28/$X$31 -> 0.05 | Y35: =Y28/$Y$31 -> 0.04109589 | Z35: =Z28/$Z$31 -> 0.072289157 | AA35: =AVERAGE(W35:Z35) -> 0.047790706 | AB35: {=MMULT($W$28:$Z$28,$AA$34:$AA$37)/AA35} -> 4.0416993
P36: 56.16 million tonnes of freight annually | V36: SC18 | W36: =W29/$W$31 -> 0.41666667 | X36: =X29/$X$31 -> 0.35 | Y36: =Y29/$Y$31 -> 0.28767123 | Z36: =Z29/$Z$31 -> 0.25301205 | AA36: =AVERAGE(W36:Z36) -> 0.32683749 | AB36: {=MMULT($W$29:$Z$29,$AA$34:$AA$37)/AA36} -> 4.2298302
V37: SC20 | W37: =W30/$W$31 -> 0.41666667 | X37: =X30/$X$31 -> 0.35 | Y37: =Y30/$Y$31 -> 0.57534247 | Z37: =Z30/$Z$31 -> 0.5060241 | AA37: =AVERAGE(W37:Z37) -> 0.46200831 | AB37: {=MMULT($W$30:$Z$30,$AA$34:$AA$37)/AA37} -> 4.1997269
W38: =SUM(W34:W37) -> 1 | X38: =SUM(X34:X37) -> 1 | Y38: =SUM(Y34:Y37) -> 1 | Z38: =SUM(Z34:Z37) -> 1
V41: Rembrandt
W42: SC1 | X42: SC10 | Y42: SC18 | Z42: SC20
V43: SC1 | W43: 0 | X43: 4 | Y43: -2 | Z43: -4
V44: SC10 | W44: =-X43 -> -4 | X44: 0 | Y44: -6 | Z44: -6
V45: SC18 | W45: =-Y43 -> 2 | X45: =-Y44 -> 6 | Y45: 0 | Z45: -2
V46: SC20 | W46: =-Z43 -> 4 | X46: =-Z44 -> 6 | Y46: =-Z45 -> 2 | Z46: 0
N48: C2 | O48: Location of companies and logiqtic centers
O49: Connextions of industrial zones and hubs
Q50: GDP (in billion) | R50: total
O51: Sc1 | P51: Munich | Q51: 128 | V51: AHP
P52: Kufstein | Q52: 1 | W52: SC1 | X52: SC10 | Y52: SC18 | Z52: SC20
P53: Innsbruck | Q53: 11 | V53: SC1 | W53: 1 | X53: 4 | Y53: =1/4 -> 0.25 | Z53: =1/3 -> 0.33333333
P54: Fortezza | Q54: 0.06 | V54: SC10 | W54: =1/X53 -> 0.25 | X54: 1 | Y54: =1/7 -> 0.14285714 | Z54: =1/6 -> 0.16666667
P55: Verona | Q55: 29 | R55: =SUM(Q51:Q55) -> 169.06 | V55: SC18 | W55: =1/Y53 -> 4 | X55: =1/Y54 -> 7 | Y55: 1 | Z55: 2
V56: SC20 | W56: =1/Z53 -> 3 | X56: =1/Z54 -> 6 | Y56: =1/Z55 -> 0.5 | Z56: 1
O57: Sc10 | P57: Kulata | Q57: 0.07 | V57: Sum | W57: =SUM(W53:W56) -> 8.25 | X57: =SUM(X53:X56) -> 18 | Y57: =SUM(Y53:Y56) -> 1.8928571 | Z57: =SUM(Z53:Z56) -> 3.5
P58: Calafat | Q58: 1
P59: Arad | Q59: 7.7 | W59: SC1 | X59: SC10 | Y59: SC18 | Z59: SC20 | AA59: AVG | AB59: Lambda
P60: Vraca | Q60: 1 | V60: SC1 | W60: =W53/$W$57 -> 0.12121212 | X60: =X53/$X$57 -> 0.22222222 | Y60: =Y53/$Y$57 -> 0.13207547 | Z60: =Z53/$Z$57 -> 0.095238095 | AA60: =AVERAGE(W60:Z60) -> 0.14268698 | AB60: {=MMULT(W53:Z53,$AA$60:$AA$63)/AA60} -> 4.0569992 | AC60: =(MAX(AB60:AB63)-4)/3 -> 0.056721986
P61: Lugoj | Q61: 1.1 | V61: SC10 | W61: =W54/$W$57 -> 0.03030303 | X61: =X54/$X$57 -> 0.055555556 | Y61: =Y54/$Y$57 -> 0.075471698 | Z61: =Z54/$Z$57 -> 0.047619048 | AA61: =AVERAGE(W61:Z61) -> 0.052237333 | AB61: {=MMULT(W54:Z54,$AA$60:$AA$63)/AA61} -> 4.0266513
P62: Timisoara | Q62: 13 | R62: =SUM(Q57:Q62) -> 23.87 | V62: SC18 | W62: =W55/$W$57 -> 0.48484848 | X62: =X55/$X$57 -> 0.38888889 | Y62: =Y55/$Y$57 -> 0.52830189 | Z62: =Z55/$Z$57 -> 0.57142857 | AA62: =AVERAGE(W62:Z62) -> 0.49336696 | AB62: {=MMULT(W55:Z55,$AA$60:$AA$63)/AA62} -> 4.1615954
V63: SC20 | W63: =W56/$W$57 -> 0.36363636 | X63: =X56/$X$57 -> 0.33333333 | Y63: =Y56/$Y$57 -> 0.26415094 | Z63: =Z56/$Z$57 -> 0.28571429 | AA63: =AVERAGE(W63:Z63) -> 0.31170873 | AB63: {=MMULT(W56:Z56,$AA$60:$AA$63)/AA63} -> 4.170166
O64: Sc18 | P64: Puttgarden | Q64: 0.03 | W64: =SUM(W60:W63) -> 1 | X64: =SUM(X60:X63) -> 1 | Y64: =SUM(Y60:Y63) -> 1 | Z64: =SUM(Z60:Z63) -> 1
P65: Roedby | Q65: 0.4
P66: Copenhagen | Q66: 80
P67: Hamburg | Q67: 150 | V67: Rembrandt
P68: Hannover | Q68: 55 | W68: SC1 | X68: SC10 | Y68: SC18 | Z68: SC20
P69: Bremen | Q69: 20 | R69: =SUM(Q64:Q69) -> 305.43 | V69: SC1 | W69: 0 | X69: 6 | Y69: -6 | Z69: -4
V70: SC10 | W70: =-X69 -> -6 | X70: 0 | Y70: -8 | Z70: -8
O71: Sc20 | P71: Frankfurt | Q71: 160 | V71: SC18 | W71: =-Y69 -> 6 | X71: =-Y70 -> 8 | Y71: 0 | Z71: 2
P72: Mannheim | Q72: 21 | V72: SC20 | W72: =-Z69 -> 4 | X72: =-Z70 -> 8 | Y72: =-Z71 -> -2 | Z72: 0
P73: Cologne | Q73: 60 | R73: =SUM(Q71:Q73) -> 241

Sheet MCDA - REMBRANDT
P2: REMBRANDT
P4: Social | AA4: Environmental | AK4: C1 | AL4: Economic
O6: C5 | P6: Labour market and sociographic job distribution | Z6: C3 | AA6: Ecosystem and biodiversity loss | AL6: Integration of European transport | AW6: Criterias - Sensitivity Analysis | BP6: Geometric Mean Scores
BM7: Criteria | BO7: Weights | BP7: SC1 | BQ7: SC10 | BR7: SC18 | BS7: SC20
AW8: Baseline | BM8: Economic | BN8: Integration of European transport | BO8: =BK10 -> 0.45886377 | BP8: =$AU$10 -> 0.70710678 | BQ8: =$AU$11 -> 0.0625 | BR8: =$AU$12 -> 2.8284271 | BS8: =$AU$13 -> 8
Q9: SC1 | R9: SC10 | S9: SC18 | T9: SC20 | Y9: Geo Mean | AB9: SC1 | AC9: SC10 | AD9: SC18 | AE9: SC20 | AJ9: Geo Mean | AM9: SC1 | AN9: SC10 | AO9: SC18 | AP9: SC20 | AU9: Geo Mean | AX9: C1 | AY9: C2 | AZ9: C3 | BA9: C4 | BB9: C5 | BC9: C6 | BJ9: Geo Mean | BK9: Weights | BM9: Economic | BN9: Location of companies and logistic centers | BO9: =BK11 -> 0.25752858 | BP9: =$AU$28 -> 0.5 | BQ9: =$AU$29 -> 0.022097087 | BR9: =$AU$30 -> 16 | BS9: =$AU$31 -> 5.6568542
P10: SC1 | Q10: ='MCDA - Social'!J20 -> 0 | R10: ='MCDA - Social'!K20 -> 4 | S10: ='MCDA - Social'!L20 -> -4 | T10: ='MCDA - Social'!M20 -> 6 | U10: =EXP((LN(2)*Q10)) -> 1 | V10: =EXP((LN(2)*R10)) -> 16 | W10: =EXP((LN(2)*S10)) -> 0.0625 | X10: =EXP((LN(2)*T10)) -> 64 | Y10: =GEOMEAN(U10:X10) -> 2.8284271 | AA10: SC1 | AB10: ='MCDA - Environment'!AC21 -> 0 | AC10: ='MCDA - Environment'!AD21 -> 2 | AD10: ='MCDA - Environment'!AE21 -> -4 | AE10: ='MCDA - Environment'!AF21 -> -6 | AF10: =EXP((LN(2)*AB10)) -> 1 | AG10: =EXP((LN(2)*AC10)) -> 4 | AH10: =EXP((LN(2)*AD10)) -> 0.0625 | AI10: =EXP((LN(2)*AE10)) -> 0.015625 | AJ10: =GEOMEAN(AF10:AI10) -> 0.25 | AL10: SC1 | AM10: ='MCDA - Economic'!W43 -> 0 | AN10: ='MCDA - Economic'!X43 -> 4 | AO10: ='MCDA - Economic'!Y43 -> -2 | AP10: ='MCDA - Economic'!Z43 -> -4 | AQ10: =EXP((LN(2)*AM10)) -> 1 | AR10: =EXP((LN(2)*AN10)) -> 16 | AS10: =EXP((LN(2)*AO10)) -> 0.25 | AT10: =EXP((LN(2)*AP10)) -> 0.0625 | AU10: =GEOMEAN(AQ10:AT10) -> 0.70710678 | AW10: C1 | AX10: 0 | AY10: 2 | AZ10: 4 | BA10: 6 | BB10: 6 | BC10: 6 | BD10: =EXP((LN(SQRT(2)))*AX10) -> 1 | BE10: =EXP((LN(SQRT(2)))*AY10) -> 2 | BF10: =EXP((LN(SQRT(2)))*AZ10) -> 4 | BG10: =EXP((LN(SQRT(2)))*BA10) -> 8 | BH10: =EXP((LN(SQRT(2)))*BB10) -> 8 | BI10: =EXP((LN(SQRT(2)))*BC10) -> 8 | BJ10: =GEOMEAN(BD10:BI10) -> 4 | BK10: =BJ10/SUM($BJ$10:$BJ$15) -> 0.45886377 | BM10: Environmental | BN10: Ecosystem and biodiversity loss | BO10: =BK12 -> 0.11471594 | BP10: =$AJ$10 -> 0.25 | BQ10: =$AJ$11 -> 0.0625 | BR10: =$AJ$12 -> 2.8284271 | BS10: =$AJ$13 -> 22.627417
P11: SC10 | Q11: ='MCDA - Social'!J21 -> -4 | R11: ='MCDA - Social'!K21 -> 0 | S11: ='MCDA - Social'!L21 -> -2 | T11: ='MCDA - Social'!M21 -> 6 | U11: =EXP((LN(2)*Q11)) -> 0.0625 | V11: =EXP((LN(2)*R11)) -> 1 | W11: =EXP((LN(2)*S11)) -> 0.25 | X11: =EXP((LN(2)*T11)) -> 64 | Y11: =GEOMEAN(U11:X11) -> 1 | AA11: SC10 | AB11: ='MCDA - Environment'!AC22 -> -2 | AC11: ='MCDA - Environment'!AD22 -> 0 | AD11: ='MCDA - Environment'!AE22 -> -6 | AE11: ='MCDA - Environment'!AF22 -> -8 | AF11: =EXP((LN(2)*AB11)) -> 0.25 | AG11: =EXP((LN(2)*AC11)) -> 1 | AH11: =EXP((LN(2)*AD11)) -> 0.015625 | AI11: =EXP((LN(2)*AE11)) -> 0.00390625 | AJ11: =GEOMEAN(AF11:AI11) -> 0.0625 | AL11: SC10 | AM11: ='MCDA - Economic'!W44 -> -4 | AN11: ='MCDA - Economic'!X44 -> 0 | AO11: ='MCDA - Economic'!Y44 -> -6 | AP11: ='MCDA - Economic'!Z44 -> -6 | AQ11: =EXP((LN(2)*AM11)) -> 0.0625 | AR11: =EXP((LN(2)*AN11)) -> 1 | AS11: =EXP((LN(2)*AO11)) -> 0.015625 | AT11: =EXP((LN(2)*AP11)) -> 0.015625 | AU11: =GEOMEAN(AQ11:AT11) -> 0.0625 | AW11: C2 | AX11: =-AY10 -> -2 | AY11: 0 | AZ11: 2 | BA11: 4 | BB11: 4 | BC11: 6 | BD11: =EXP((LN(SQRT(2)))*AX11) -> 0.5 | BE11: =EXP((LN(SQRT(2)))*AY11) -> 1 | BF11: =EXP((LN(SQRT(2)))*AZ11) -> 2 | BG11: =EXP((LN(SQRT(2)))*BA11) -> 4 | BH11: =EXP((LN(SQRT(2)))*BB11) -> 4 | BI11: =EXP((LN(SQRT(2)))*BC11) -> 8 | BJ11: =GEOMEAN(BD11:BI11) -> 2.2449241 | BK11: =BJ11/SUM($BJ$10:$BJ$15) -> 0.25752858 | BM11: Environmental | BN11: Non-renewable dependance | BO11: =BK13 -> 0.072266515 | BP11: =$AJ$28 -> 11.313708 | BQ11: =$AJ$29 -> 0.125 | BR11: =$AJ$30 -> 1.4142136 | BS11: =$AJ$31 -> 0.5
P12: SC18 | Q12: ='MCDA - Social'!J22 -> 4 | R12: ='MCDA - Social'!K22 -> 2 | S12: ='MCDA - Social'!L22 -> 0 | T12: ='MCDA - Social'!M22 -> 6 | U12: =EXP((LN(2)*Q12)) -> 16 | V12: =EXP((LN(2)*R12)) -> 4 | W12: =EXP((LN(2)*S12)) -> 1 | X12: =EXP((LN(2)*T12)) -> 64 | Y12: =GEOMEAN(U12:X12) -> 8 | AA12: SC18 | AB12: ='MCDA - Environment'!AC23 -> 4 | AC12: ='MCDA - Environment'!AD23 -> 6 | AD12: ='MCDA - Environment'!AE23 -> 0 | AE12: ='MCDA - Environment'!AF23 -> -4 | AF12: =EXP((LN(2)*AB12)) -> 16 | AG12: =EXP((LN(2)*AC12)) -> 64 | AH12: =EXP((LN(2)*AD12)) -> 1 | AI12: =EXP((LN(2)*AE12)) -> 0.0625 | AJ12: =GEOMEAN(AF12:AI12) -> 2.8284271 | AL12: SC18 | AM12: ='MCDA - Economic'!W45 -> 2 | AN12: ='MCDA - Economic'!X45 -> 6 | AO12: ='MCDA - Economic'!Y45 -> 0 | AP12: ='MCDA - Economic'!Z45 -> -2 | AQ12: =EXP((LN(2)*AM12)) -> 4 | AR12: =EXP((LN(2)*AN12)) -> 64 | AS12: =EXP((LN(2)*AO12)) -> 1 | AT12: =EXP((LN(2)*AP12)) -> 0.25 | AU12: =GEOMEAN(AQ12:AT12) -> 2.8284271 | AW12: C3 | AX12: =-AZ10 -> -4 | AY12: =-AZ11 -> -2 | AZ12: 0 | BA12: 2 | BB12: 2 | BC12: 2 | BD12: =EXP((LN(SQRT(2)))*AX12) -> 0.25 | BE12: =EXP((LN(SQRT(2)))*AY12) -> 0.5 | BF12: =EXP((LN(SQRT(2)))*AZ12) -> 1 | BG12: =EXP((LN(SQRT(2)))*BA12) -> 2 | BH12: =EXP((LN(SQRT(2)))*BB12) -> 2 | BI12: =EXP((LN(SQRT(2)))*BC12) -> 2 | BJ12: =GEOMEAN(BD12:BI12) -> 1 | BK12: =BJ12/SUM($BJ$10:$BJ$15) -> 0.11471594 | BM12: Social | BN12: Labour market and sociographic job distribution | BO12: =BK14 -> 0.051100143 | BP12: =$Y$10 -> 2.8284271 | BQ12: =$Y$11 -> 1 | BR12: =$Y$12 -> 8 | BS12: =$Y$13 -> 0.044194174
P13: SC20 | Q13: ='MCDA - Social'!J23 -> -6 | R13: ='MCDA - Social'!K23 -> -6 | S13: ='MCDA - Social'!L23 -> -6 | T13: ='MCDA - Social'!M23 -> 0 | U13: =EXP((LN(2)*Q13)) -> 0.015625 | V13: =EXP((LN(2)*R13)) -> 0.015625 | W13: =EXP((LN(2)*S13)) -> 0.015625 | X13: =EXP((LN(2)*T13)) -> 1 | Y13: =GEOMEAN(U13:X13) -> 0.044194174 | AA13: SC20 | AB13: ='MCDA - Environment'!AC24 -> 6 | AC13: ='MCDA - Environment'!AD24 -> 8 | AD13: ='MCDA - Environment'!AE24 -> 4 | AE13: ='MCDA - Environment'!AF24 -> 0 | AF13: =EXP((LN(2)*AB13)) -> 64 | AG13: =EXP((LN(2)*AC13)) -> 256 | AH13: =EXP((LN(2)*AD13)) -> 16 | AI13: =EXP((LN(2)*AE13)) -> 1 | AJ13: =GEOMEAN(AF13:AI13) -> 22.627417 | AL13: SC20 | AM13: ='MCDA - Economic'!W46 -> 4 | AN13: ='MCDA - Economic'!X46 -> 6 | AO13: ='MCDA - Economic'!Y46 -> 2 | AP13: ='MCDA - Economic'!Z46 -> 0 | AQ13: =EXP((LN(2)*AM13)) -> 16 | AR13: =EXP((LN(2)*AN13)) -> 64 | AS13: =EXP((LN(2)*AO13)) -> 4 | AT13: =EXP((LN(2)*AP13)) -> 1 | AU13: =GEOMEAN(AQ13:AT13) -> 8 | AW13: C4 | AX13: =-BA10 -> -6 | AY13: =-BA11 -> -4 | AZ13: =-BA12 -> -2 | BA13: 0 | BB13: 2 | BC13: 2 | BD13: =EXP((LN(SQRT(2)))*AX13) -> 0.125 | BE13: =EXP((LN(SQRT(2)))*AY13) -> 0.25 | BF13: =EXP((LN(SQRT(2)))*AZ13) -> 0.5 | BG13: =EXP((LN(SQRT(2)))*BA13) -> 1 | BH13: =EXP((LN(SQRT(2)))*BB13) -> 2 | BI13: =EXP((LN(SQRT(2)))*BC13) -> 2 | BJ13: =GEOMEAN(BD13:BI13) -> 0.62996052 | BK13: =BJ13/SUM($BJ$10:$BJ$15) -> 0.072266515 | BM13: Social | BN13: Territorial cohesion | BO13: =BK15 -> 0.045525052 | BP13: =$Y$28 -> 8 | BQ13: =$Y$29 -> 4 | BR13: =$Y$30 -> 0.70710678 | BS13: =$Y$31 -> 0.044194174
AW14: C5 | AX14: =-BB10 -> -6 | AY14: =-BB11 -> -4 | AZ14: =-BB12 -> -2 | BA14: =-BB13 -> -2 | BB14: 0 | BC14: 0 | BD14: =EXP((LN(SQRT(2)))*AX14) -> 0.125 | BE14: =EXP((LN(SQRT(2)))*AY14) -> 0.25 | BF14: =EXP((LN(SQRT(2)))*AZ14) -> 0.5 | BG14: =EXP((LN(SQRT(2)))*BA14) -> 0.5 | BH14: =EXP((LN(SQRT(2)))*BB14) -> 1 | BI14: =EXP((LN(SQRT(2)))*BC14) -> 1 | BJ14: =GEOMEAN(BD14:BI14) -> 0.44544936 | BK14: =BJ14/SUM($BJ$10:$BJ$15) -> 0.051100143 | BO14: REMBRANDT Score | BP14: =($BO$8*BP8)+($BO$9*BP9)+($BO$10*BP10)+($BO$11*BP11)+($BO$12*BP12)+($BO$13*BP13) -> 1.8082447 | BQ14: =($BO$8*BQ8)+($BO$9*BQ9)+($BO$10*BQ10)+($BO$11*BQ11)+($BO$12*BQ12)+($BO$13*BQ13) -> 0.28377303 | BR14: =($BO$8*BR8)+($BO$9*BR9)+($BO$10*BR10)+($BO$11*BR11)+($BO$12*BR12)+($BO$13*BR13) -> 6.2859782 | BS14: =($BO$8*BS8)+($BO$9*BS9)+($BO$10*BS10)+($BO$11*BS11)+($BO$12*BS12)+($BO$13*BS13) -> 7.7638408
AW15: C6 | AX15: =-BC10 -> -6 | AY15: =-BC11 -> -6 | AZ15: =-BC12 -> -2 | BA15: =-BC13 -> -2 | BB15: =-BC14 -> 0 | BC15: 0 | BD15: =EXP((LN(SQRT(2)))*AX15) -> 0.125 | BE15: =EXP((LN(SQRT(2)))*AY15) -> 0.125 | BF15: =EXP((LN(SQRT(2)))*AZ15) -> 0.5 | BG15: =EXP((LN(SQRT(2)))*BA15) -> 0.5 | BH15: =EXP((LN(SQRT(2)))*BB15) -> 1 | BI15: =EXP((LN(SQRT(2)))*BC15) -> 1 | BJ15: =GEOMEAN(BD15:BI15) -> 0.39685026 | BK15: =BJ15/SUM($BJ$10:$BJ$15) -> 0.045525052 | BO15: Normalized | BP15: =BP14*100/SUM($BP$14:$BS$14) -> 11.202224 | BQ15: =BQ14*100/SUM($BP$14:$BS$14) -> 1.7579971 | BR15: =BR14*100/SUM($BP$14:$BS$14) -> 38.94215 | BS15: =BS14*100/SUM($BP$14:$BS$14) -> 48.097629
BK16: =SUM(BK10:BK15) -> 1
BP17: Geometric Mean Scores
AW18: Enviromentalist | BM18: Criteria | BO18: Weights | BP18: SC1 | BQ18: SC10 | BR18: SC18 | BS18: SC20
AX19: C1 | AY19: C2 | AZ19: C3 | BA19: C4 | BB19: C5 | BC19: C6 | BJ19: Geo Mean | BK19: Weights | BM19: Economic | BN19: Integration of European transport | BO19: =BK20 -> 0.080768121 | BP19: =$AU$10 -> 0.70710678 | BQ19: =$AU$11 -> 0.0625 | BR19: =$AU$12 -> 2.8284271 | BS19: =$AU$13 -> 8
AW20: C1 | AX20: 0 | AY20: 2 | AZ20: -4 | BA20: -4 | BB20: 0 | BC20: -2 | BD20: =EXP((LN(SQRT(2)))*AX20) -> 1 | BE20: =EXP((LN(SQRT(2)))*AY20) -> 2 | BF20: =EXP((LN(SQRT(2)))*AZ20) -> 0.25 | BG20: =EXP((LN(SQRT(2)))*BA20) -> 0.25 | BH20: =EXP((LN(SQRT(2)))*BB20) -> 1 | BI20: =EXP((LN(SQRT(2)))*BC20) -> 0.5 | BJ20: =GEOMEAN(BD20:BI20) -> 0.62996052 | BK20: =BJ20/SUM($BJ$20:$BJ$25) -> 0.080768121 | BM20: Economic | BN20: Location of companies and logistic centers | BO20: =BK21 -> 0.050880728 | BP20: =$AU$28 -> 0.5 | BQ20: =$AU$29 -> 0.022097087 | BR20: =$AU$30 -> 16 | BS20: =$AU$31 -> 5.6568542
AW21: C2 | AX21: =-AY20 -> -2 | AY21: 0 | AZ21: -6 | BA21: -6 | BB21: 0 | BC21: -2 | BD21: =EXP((LN(SQRT(2)))*AX21) -> 0.5 | BE21: =EXP((LN(SQRT(2)))*AY21) -> 1 | BF21: =EXP((LN(SQRT(2)))*AZ21) -> 0.125 | BG21: =EXP((LN(SQRT(2)))*BA21) -> 0.125 | BH21: =EXP((LN(SQRT(2)))*BB21) -> 1 | BI21: =EXP((LN(SQRT(2)))*BC21) -> 0.5 | BJ21: =GEOMEAN(BD21:BI21) -> 0.39685026 | BK21: =BJ21/SUM($BJ$20:$BJ$25) -> 0.050880728 | BM21: Environmental | BN21: Ecosystem and biodiversity loss | BO21: =BK22 -> 0.40704583 | BP21: =$AJ$10 -> 0.25 | BQ21: =$AJ$11 -> 0.0625 | BR21: =$AJ$12 -> 2.8284271 | BS21: =$AJ$13 -> 22.627417
AW22: C3 | AX22: =-AZ20 -> 4 | AY22: =-AZ21 -> 6 | AZ22: 0 | BA22: 2 | BB22: 4 | BC22: 4 | BD22: =EXP((LN(SQRT(2)))*AX22) -> 4 | BE22: =EXP((LN(SQRT(2)))*AY22) -> 8 | BF22: =EXP((LN(SQRT(2)))*AZ22) -> 1 | BG22: =EXP((LN(SQRT(2)))*BA22) -> 2 | BH22: =EXP((LN(SQRT(2)))*BB22) -> 4 | BI22: =EXP((LN(SQRT(2)))*BC22) -> 4 | BJ22: =GEOMEAN(BD22:BI22) -> 3.1748021 | BK22: =BJ22/SUM($BJ$20:$BJ$25) -> 0.40704583 | BM22: Environmental | BN22: Non-renewable dependance | BO22: =BK23 -> 0.2564228 | BP22: =$AJ$28 -> 11.313708 | BQ22: =$AJ$29 -> 0.125 | BR22: =$AJ$30 -> 1.4142136 | BS22: =$AJ$31 -> 0.5
AW23: C4 | AX23: =-BA20 -> 4 | AY23: =-BA21 -> 6 | AZ23: =-BA22 -> -2 | BA23: 0 | BB23: 2 | BC23: 2 | BD23: =EXP((LN(SQRT(2)))*AX23) -> 4 | BE23: =EXP((LN(SQRT(2)))*AY23) -> 8 | BF23: =EXP((LN(SQRT(2)))*AZ23) -> 0.5 | BG23: =EXP((LN(SQRT(2)))*BA23) -> 1 | BH23: =EXP((LN(SQRT(2)))*BB23) -> 2 | BI23: =EXP((LN(SQRT(2)))*BC23) -> 2 | BJ23: =GEOMEAN(BD23:BI23) -> 2 | BK23: =BJ23/SUM($BJ$20:$BJ$25) -> 0.2564228 | BM23: Social | BN23: Labour market and sociographic job distribution | BO23: =BK24 -> 0.090659151 | BP23: =$Y$10 -> 2.8284271 | BQ23: =$Y$11 -> 1 | BR23: =$Y$12 -> 8 | BS23: =$Y$13 -> 0.044194174
O24: C6 | P24: Territorial cohesion | Z24: C4 | AA24: Non-renewable dependance | AK24: C2 | AL24: Location of companies and logistic centers | AW24: C5 | AX24: =-BB20 -> 0 | AY24: =-BB21 -> 0 | AZ24: =-BB22 -> -4 | BA24: =-BB23 -> -2 | BB24: 0 | BC24: 0 | BD24: =EXP((LN(SQRT(2)))*AX24) -> 1 | BE24: =EXP((LN(SQRT(2)))*AY24) -> 1 | BF24: =EXP((LN(SQRT(2)))*AZ24) -> 0.25 | BG24: =EXP((LN(SQRT(2)))*BA24) -> 0.5 | BH24: =EXP((LN(SQRT(2)))*BB24) -> 1 | BI24: =EXP((LN(SQRT(2)))*BC24) -> 1 | BJ24: =GEOMEAN(BD24:BI24) -> 0.70710678 | BK24: =BJ24/SUM($BJ$20:$BJ$25) -> 0.090659151 | BM24: Social | BN24: Territorial cohesion | BO24: =BK25 -> 0.11422337 | BP24: =$Y$28 -> 8 | BQ24: =$Y$29 -> 4 | BR24: =$Y$30 -> 0.70710678 | BS24: =$Y$31 -> 0.044194174
AW25: C6 | AX25: =-BC20 -> 2 | AY25: =-BC21 -> 2 | AZ25: =-BC22 -> -4 | BA25: =-BC23 -> -2 | BB25: =-BC24 -> 0 | BC25: 0 | BD25: =EXP((LN(SQRT(2)))*AX25) -> 2 | BE25: =EXP((LN(SQRT(2)))*AY25) -> 2 | BF25: =EXP((LN(SQRT(2)))*AZ25) -> 0.25 | BG25: =EXP((LN(SQRT(2)))*BA25) -> 0.5 | BH25: =EXP((LN(SQRT(2)))*BB25) -> 1 | BI25: =EXP((LN(SQRT(2)))*BC25) -> 1 | BJ25: =GEOMEAN(BD25:BI25) -> 0.89089872 | BK25: =BJ25/SUM($BJ$20:$BJ$25) -> 0.11422337 | BO25: REMBRANDT Score | BP25: =($BO$19*BP19)+($BO$20*BP20)+($BO$21*BP21)+($BO$22*BP22)+($BO$23*BP23)+($BO$24*BP24) -> 4.2556161 | BQ25: =($BO$19*BQ19)+($BO$20*BQ20)+($BO$21*BQ21)+($BO$22*BQ22)+($BO$23*BQ23)+($BO$24*BQ24) -> 0.61121818 | BR25: =($BO$19*BR19)+($BO$20*BR20)+($BO$21*BR21)+($BO$22*BR22)+($BO$23*BR23)+($BO$24*BR24) -> 3.3625158 | BS25: =($BO$19*BS19)+($BO$20*BS20)+($BO$21*BS21)+($BO$22*BS22)+($BO$23*BS23)+($BO$24*BS24) -> 10.281631
BK26: =SUM(BK20:BK25) -> 1 | BO26: Normalized | BP26: =BP25*100/SUM($BP$25:$BS$25) -> 22.989684 | BQ26: =BQ25*100/SUM($BP$25:$BS$25) -> 3.301922 | BR26: =BR25*100/SUM($BP$25:$BS$25) -> 18.164978 | BS26: =BS25*100/SUM($BP$25:$BS$25) -> 55.543416
Q27: SC1 | R27: SC10 | S27: SC18 | T27: SC20 | Y27: Geo Mean | AB27: SC1 | AC27: SC10 | AD27: SC18 | AE27: SC20 | AJ27: Geo Mean | AM27: SC1 | AN27: SC10 | AO27: SC18 | AP27: SC20 | AU27: Geo Mean
P28: SC1 | Q28: ='MCDA - Social'!J27 -> 0 | R28: ='MCDA - Social'!K27 -> 2 | S28: ='MCDA - Social'!L27 -> 4 | T28: ='MCDA - Social'!M27 -> 6 | U28: =EXP((LN(2)*Q28)) -> 1 | V28: =EXP((LN(2)*R28)) -> 4 | W28: =EXP((LN(2)*S28)) -> 16 | X28: =EXP((LN(2)*T28)) -> 64 | Y28: =GEOMEAN(U28:X28) -> 8 | AA28: SC1 | AB28: ='MCDA - Environment'!AC30 -> 0 | AC28: ='MCDA - Environment'!AD30 -> 6 | AD28: ='MCDA - Environment'!AE30 -> 4 | AE28: ='MCDA - Environment'!AF30 -> 4 | AF28: =EXP((LN(2)*AB28)) -> 1 | AG28: =EXP((LN(2)*AC28)) -> 64 | AH28: =EXP((LN(2)*AD28)) -> 16 | AI28: =EXP((LN(2)*AE28)) -> 16 | AJ28: =GEOMEAN(AF28:AI28) -> 11.313708 | AL28: SC1 | AM28: ='MCDA - Economic'!W69 -> 0 | AN28: ='MCDA - Economic'!X69 -> 6 | AO28: ='MCDA - Economic'!Y69 -> -6 | AP28: ='MCDA - Economic'!Z69 -> -4 | AQ28: =EXP((LN(2)*AM28)) -> 1 | AR28: =EXP((LN(2)*AN28)) -> 64 | AS28: =EXP((LN(2)*AO28)) -> 0.015625 | AT28: =EXP((LN(2)*AP28)) -> 0.0625 | AU28: =GEOMEAN(AQ28:AT28) -> 0.5 | AW28: Workforce | BP28: Geometric Mean Scores
P29: SC10 | Q29: ='MCDA - Social'!J28 -> -2 | R29: ='MCDA - Social'!K28 -> 0 | S29: ='MCDA - Social'!L28 -> 4 | T29: ='MCDA - Social'!M28 -> 6 | U29: =EXP((LN(2)*Q29)) -> 0.25 | V29: =EXP((LN(2)*R29)) -> 1 | W29: =EXP((LN(2)*S29)) -> 16 | X29: =EXP((LN(2)*T29)) -> 64 | Y29: =GEOMEAN(U29:X29) -> 4 | AA29: SC10 | AB29: ='MCDA - Environment'!AC31 -> -6 | AC29: ='MCDA - Environment'!AD31 -> 0 | AD29: ='MCDA - Environment'!AE31 -> -4 | AE29: ='MCDA - Environment'!AF31 -> -2 | AF29: =EXP((LN(2)*AB29)) -> 0.015625 | AG29: =EXP((LN(2)*AC29)) -> 1 | AH29: =EXP((LN(2)*AD29)) -> 0.0625 | AI29: =EXP((LN(2)*AE29)) -> 0.25 | AJ29: =GEOMEAN(AF29:AI29) -> 0.125 | AL29: SC10 | AM29: ='MCDA - Economic'!W70 -> -6 | AN29: ='MCDA - Economic'!X70 -> 0 | AO29: ='MCDA - Economic'!Y70 -> -8 | AP29: ='MCDA - Economic'!Z70 -> -8 | AQ29: =EXP((LN(2)*AM29)) -> 0.015625 | AR29: =EXP((LN(2)*AN29)) -> 1 | AS29: =EXP((LN(2)*AO29)) -> 0.00390625 | AT29: =EXP((LN(2)*AP29)) -> 0.00390625 | AU29: =GEOMEAN(AQ29:AT29) -> 0.022097087 | AX29: C1 | AY29: C2 | AZ29: C3 | BA29: C4 | BB29: C5 | BC29: C6 | BJ29: Geo Mean | BK29: Weights | BM29: Criteria | BO29: Weights | BP29: SC1 | BQ29: SC10 | BR29: SC18 | BS29: SC20
P30: SC18 | Q30: ='MCDA - Social'!J29 -> -4 | R30: ='MCDA - Social'!K29 -> -4 | S30: ='MCDA - Social'!L29 -> 0 | T30: ='MCDA - Social'!M29 -> 6 | U30: =EXP((LN(2)*Q30)) -> 0.0625 | V30: =EXP((LN(2)*R30)) -> 0.0625 | W30: =EXP((LN(2)*S30)) -> 1 | X30: =EXP((LN(2)*T30)) -> 64 | Y30: =GEOMEAN(U30:X30) -> 0.70710678 | AA30: SC18 | AB30: ='MCDA - Environment'!AC32 -> -4 | AC30: ='MCDA - Environment'!AD32 -> 4 | AD30: ='MCDA - Environment'!AE32 -> 0 | AE30: ='MCDA - Environment'!AF32 -> 2 | AF30: =EXP((LN(2)*AB30)) -> 0.0625 | AG30: =EXP((LN(2)*AC30)) -> 16 | AH30: =EXP((LN(2)*AD30)) -> 1 | AI30: =EXP((LN(2)*AE30)) -> 4 | AJ30: =GEOMEAN(AF30:AI30) -> 1.4142136 | AL30: SC18 | AM30: ='MCDA - Economic'!W71 -> 6 | AN30: ='MCDA - Economic'!X71 -> 8 | AO30: ='MCDA - Economic'!Y71 -> 0 | AP30: ='MCDA - Economic'!Z71 -> 2 | AQ30: =EXP((LN(2)*AM30)) -> 64 | AR30: =EXP((LN(2)*AN30)) -> 256 | AS30: =EXP((LN(2)*AO30)) -> 1 | AT30: =EXP((LN(2)*AP30)) -> 4 | AU30: =GEOMEAN(AQ30:AT30) -> 16 | AW30: C1 | AX30: 0 | AY30: -2 | AZ30: 2 | BA30: 2 | BB30: -4 | BC30: 2 | BD30: =EXP((LN(SQRT(2)))*AX30) -> 1 | BE30: =EXP((LN(SQRT(2)))*AY30) -> 0.5 | BF30: =EXP((LN(SQRT(2)))*AZ30) -> 2 | BG30: =EXP((LN(SQRT(2)))*BA30) -> 2 | BH30: =EXP((LN(SQRT(2)))*BB30) -> 0.25 | BI30: =EXP((LN(SQRT(2)))*BC30) -> 2 | BJ30: =GEOMEAN(BD30:BI30) -> 1 | BK30: =BJ30/SUM($BJ$30:$BJ$35) -> 0.14707282 | BM30: Economic | BN30: Integration of European transport | BO30: =BK30 -> 0.14707282 | BP30: =$AU$10 -> 0.70710678 | BQ30: =$AU$11 -> 0.0625 | BR30: =$AU$12 -> 2.8284271 | BS30: =$AU$13 -> 8
P31: SC20 | Q31: ='MCDA - Social'!J30 -> -6 | R31: ='MCDA - Social'!K30 -> -6 | S31: ='MCDA - Social'!L30 -> -6 | T31: ='MCDA - Social'!M30 -> 0 | U31: =EXP((LN(2)*Q31)) -> 0.015625 | V31: =EXP((LN(2)*R31)) -> 0.015625 | W31: =EXP((LN(2)*S31)) -> 0.015625 | X31: =EXP((LN(2)*T31)) -> 1 | Y31: =GEOMEAN(U31:X31) -> 0.044194174 | AA31: SC20 | AB31: ='MCDA - Environment'!AC33 -> -4 | AC31: ='MCDA - Environment'!AD33 -> 2 | AD31: ='MCDA - Environment'!AE33 -> -2 | AE31: ='MCDA - Environment'!AF33 -> 0 | AF31: =EXP((LN(2)*AB31)) -> 0.0625 | AG31: =EXP((LN(2)*AC31)) -> 4 | AH31: =EXP((LN(2)*AD31)) -> 0.25 | AI31: =EXP((LN(2)*AE31)) -> 1 | AJ31: =GEOMEAN(AF31:AI31) -> 0.5 | AL31: SC20 | AM31: ='MCDA - Economic'!W72 -> 4 | AN31: ='MCDA - Economic'!X72 -> 8 | AO31: ='MCDA - Economic'!Y72 -> -2 | AP31: ='MCDA - Economic'!Z72 -> 0 | AQ31: =EXP((LN(2)*AM31)) -> 16 | AR31: =EXP((LN(2)*AN31)) -> 256 | AS31: =EXP((LN(2)*AO31)) -> 0.25 | AT31: =EXP((LN(2)*AP31)) -> 1 | AU31: =GEOMEAN(AQ31:AT31) -> 5.6568542 | AW31: C2 | AX31: =-AY30 -> 2 | AY31: 0 | AZ31: 4 | BA31: 2 | BB31: -2 | BC31: 2 | BD31: =EXP((LN(SQRT(2)))*AX31) -> 2 | BE31: =EXP((LN(SQRT(2)))*AY31) -> 1 | BF31: =EXP((LN(SQRT(2)))*AZ31) -> 4 | BG31: =EXP((LN(SQRT(2)))*BA31) -> 2 | BH31: =EXP((LN(SQRT(2)))*BB31) -> 0.5 | BI31: =EXP((LN(SQRT(2)))*BC31) -> 2 | BJ31: =GEOMEAN(BD31:BI31) -> 1.5874011 | BK31: =BJ31/SUM($BJ$30:$BJ$35) -> 0.23346355 | BM31: Economic | BN31: Location of companies and logistic centers | BO31: =BK31 -> 0.23346355 | BP31: =$AU$28 -> 0.5 | BQ31: =$AU$29 -> 0.022097087 | BR31: =$AU$30 -> 16 | BS31: =$AU$31 -> 5.6568542
AW32: C3 | AX32: =-AZ30 -> -2 | AY32: =-AZ31 -> -4 | AZ32: 0 | BA32: 0 | BB32: -2 | BC32: 0 | BD32: =EXP((LN(SQRT(2)))*AX32) -> 0.5 | BE32: =EXP((LN(SQRT(2)))*AY32) -> 0.25 | BF32: =EXP((LN(SQRT(2)))*AZ32) -> 1 | BG32: =EXP((LN(SQRT(2)))*BA32) -> 1 | BH32: =EXP((LN(SQRT(2)))*BB32) -> 0.5 | BI32: =EXP((LN(SQRT(2)))*BC32) -> 1 | BJ32: =GEOMEAN(BD32:BI32) -> 0.62996052 | BK32: =BJ32/SUM($BJ$30:$BJ$35) -> 0.092650069 | BM32: Environmental | BN32: Ecosystem and biodiversity loss | BO32: =BK32 -> 0.092650069 | BP32: =$AJ$10 -> 0.25 | BQ32: =$AJ$11 -> 0.0625 | BR32: =$AJ$12 -> 2.8284271 | BS32: =$AJ$13 -> 22.627417
AW33: C4 | AX33: =-BA30 -> -2 | AY33: =-BA31 -> -2 | AZ33: =-BA32 -> 0 | BA33: 0 | BB33: -2 | BC33: 0 | BD33: =EXP((LN(SQRT(2)))*AX33) -> 0.5 | BE33: =EXP((LN(SQRT(2)))*AY33) -> 0.5 | BF33: =EXP((LN(SQRT(2)))*AZ33) -> 1 | BG33: =EXP((LN(SQRT(2)))*BA33) -> 1 | BH33: =EXP((LN(SQRT(2)))*BB33) -> 0.5 | BI33: =EXP((LN(SQRT(2)))*BC33) -> 1 | BJ33: =GEOMEAN(BD33:BI33) -> 0.70710678 | BK33: =BJ33/SUM($BJ$30:$BJ$35) -> 0.10399619 | BM33: Environmental | BN33: Non-renewable dependance | BO33: =BK33 -> 0.10399619 | BP33: =$AJ$28 -> 11.313708 | BQ33: =$AJ$29 -> 0.125 | BR33: =$AJ$30 -> 1.4142136 | BS33: =$AJ$31 -> 0.5
AW34: C5 | AX34: =-BB30 -> 4 | AY34: =-BB31 -> 2 | AZ34: =-BB32 -> 2 | BA34: =-BB33 -> 2 | BB34: 0 | BC34: 4 | BD34: =EXP((LN(SQRT(2)))*AX34) -> 4 | BE34: =EXP((LN(SQRT(2)))*AY34) -> 2 | BF34: =EXP((LN(SQRT(2)))*AZ34) -> 2 | BG34: =EXP((LN(SQRT(2)))*BA34) -> 2 | BH34: =EXP((LN(SQRT(2)))*BB34) -> 1 | BI34: =EXP((LN(SQRT(2)))*BC34) -> 4 | BJ34: =GEOMEAN(BD34:BI34) -> 2.2449241 | BK34: =BJ34/SUM($BJ$30:$BJ$35) -> 0.33016731 | BM34: Social | BN34: Labour market and sociographic job distribution | BO34: =BK34 -> 0.33016731 | BP34: =$Y$10 -> 2.8284271 | BQ34: =$Y$11 -> 1 | BR34: =$Y$12 -> 8 | BS34: =$Y$13 -> 0.044194174
AW35: C6 | AX35: =-BC30 -> -2 | AY35: =-BC31 -> -2 | AZ35: =-BC32 -> 0 | BA35: =-BC33 -> 0 | BB35: =-BC34 -> -4 | BC35: 0 | BD35: =EXP((LN(SQRT(2)))*AX35) -> 0.5 | BE35: =EXP((LN(SQRT(2)))*AY35) -> 0.5 | BF35: =EXP((LN(SQRT(2)))*AZ35) -> 1 | BG35: =EXP((LN(SQRT(2)))*BA35) -> 1 | BH35: =EXP((LN(SQRT(2)))*BB35) -> 0.25 | BI35: =EXP((LN(SQRT(2)))*BC35) -> 1 | BJ35: =GEOMEAN(BD35:BI35) -> 0.62996052 | BK35: =BJ35/SUM($BJ$30:$BJ$35) -> 0.092650069 | BM35: Social | BN35: Territorial cohesion | BO35: =BK35 -> 0.092650069 | BP35: =$Y$28 -> 8 | BQ35: =$Y$29 -> 4 | BR35: =$Y$30 -> 0.70710678 | BS35: =$Y$31 -> 0.044194174
BK36: =SUM(BK30:BK35) -> 1 | BO36: REMBRANDT Score | BP36: =($BO$30*BP30)+($BO$31*BP31)+($BO$32*BP32)+($BO$33*BP33)+($BO$34*BP34)+($BO$35*BP35) -> 3.0955278 | BQ36: =($BO$30*BQ30)+($BO$31*BQ31)+($BO$32*BQ32)+($BO$33*BQ33)+($BO$34*BQ34)+($BO$35*BQ35) -> 0.73390866 | BR36: =($BO$30*BR30)+($BO$31*BR31)+($BO$32*BR32)+($BO$33*BR33)+($BO$34*BR34)+($BO$35*BR35) -> 7.2673802 | BS36: =($BO$30*BS30)+($BO$31*BS31)+($BO$32*BS32)+($BO$33*BS33)+($BO$34*BS34)+($BO$35*BS35) -> 4.6643677
BO37: Normalized | BP37: =BP36*100/SUM($BP$36:$BS$36) -> 19.640198 | BQ37: =BQ36*100/SUM($BP$36:$BS$36) -> 4.6564309 | BR37: =BR36*100/SUM($BP$36:$BS$36) -> 46.109354 | BS37: =BS36*100/SUM($BP$36:$BS$36) -> 29.594018
AW38: Corporations
AX39: C1 | AY39: C2 | AZ39: C3 | BA39: C4 | BB39: C5 | BC39: C6 | BJ39: Geo Mean | BK39: Weights | BP39: Geometric Mean Scores
AW40: C1 | AX40: 0 | AY40: -6 | AZ40: 4 | BA40: 4 | BB40: -2 | BC40: 2 | BD40: =EXP((LN(SQRT(2)))*AX40) -> 1 | BE40: =EXP((LN(SQRT(2)))*AY40) -> 0.125 | BF40: =EXP((LN(SQRT(2)))*AZ40) -> 4 | BG40: =EXP((LN(SQRT(2)))*BA40) -> 4 | BH40: =EXP((LN(SQRT(2)))*BB40) -> 0.5 | BI40: =EXP((LN(SQRT(2)))*BC40) -> 2 | BJ40: =GEOMEAN(BD40:BI40) -> 1.122462 | BK40: =BJ40/SUM($BJ$40:$BJ$45) -> 0.15006547 | BM40: Criteria | BO40: Weights | BP40: SC1 | BQ40: SC10 | BR40: SC18 | BS40: SC20
AW41: C2 | AX41: =-AY40 -> 6 | AY41: 0 | AZ41: 6 | BA41: 4 | BB41: 2 | BC41: 2 | BD41: =EXP((LN(SQRT(2)))*AX41) -> 8 | BE41: =EXP((LN(SQRT(2)))*AY41) -> 1 | BF41: =EXP((LN(SQRT(2)))*AZ41) -> 8 | BG41: =EXP((LN(SQRT(2)))*BA41) -> 4 | BH41: =EXP((LN(SQRT(2)))*BB41) -> 2 | BI41: =EXP((LN(SQRT(2)))*BC41) -> 2 | BJ41: =GEOMEAN(BD41:BI41) -> 3.1748021 | BK41: =BJ41/SUM($BJ$40:$BJ$45) -> 0.42444925 | BM41: Economic | BN41: Integration of European transport | BO41: =BK40 -> 0.15006547 | BP41: =$AU$10 -> 0.70710678 | BQ41: =$AU$11 -> 0.0625 | BR41: =$AU$12 -> 2.8284271 | BS41: =$AU$13 -> 8
AW42: C3 | AX42: =-AZ40 -> -4 | AY42: =-AZ41 -> -6 | AZ42: 0 | BA42: 0 | BB42: -2 | BC42: 0 | BD42: =EXP((LN(SQRT(2)))*AX42) -> 0.25 | BE42: =EXP((LN(SQRT(2)))*AY42) -> 0.125 | BF42: =EXP((LN(SQRT(2)))*AZ42) -> 1 | BG42: =EXP((LN(SQRT(2)))*BA42) -> 1 | BH42: =EXP((LN(SQRT(2)))*BB42) -> 0.5 | BI42: =EXP((LN(SQRT(2)))*BC42) -> 1 | BJ42: =GEOMEAN(BD42:BI42) -> 0.5 | BK42: =BJ42/SUM($BJ$40:$BJ$45) -> 0.066846568 | BM42: Economic | BN42: Location of companies and logistic centers | BO42: =BK41 -> 0.42444925 | BP42: =$AU$28 -> 0.5 | BQ42: =$AU$29 -> 0.022097087 | BR42: =$AU$30 -> 16 | BS42: =$AU$31 -> 5.6568542
AW43: C4 | AX43: =-BA40 -> -4 | AY43: =-BA41 -> -4 | AZ43: =-BA42 -> 0 | BA43: 0 | BB43: -2 | BC43: 0 | BD43: =EXP((LN(SQRT(2)))*AX43) -> 0.25 | BE43: =EXP((LN(SQRT(2)))*AY43) -> 0.25 | BF43: =EXP((LN(SQRT(2)))*AZ43) -> 1 | BG43: =EXP((LN(SQRT(2)))*BA43) -> 1 | BH43: =EXP((LN(SQRT(2)))*BB43) -> 0.5 | BI43: =EXP((LN(SQRT(2)))*BC43) -> 1 | BJ43: =GEOMEAN(BD43:BI43) -> 0.56123102 | BK43: =BJ43/SUM($BJ$40:$BJ$45) -> 0.075032736 | BM43: Environmental | BN43: Ecosystem and biodiversity loss | BO43: =BK42 -> 0.066846568 | BP43: =$AJ$10 -> 0.25 | BQ43: =$AJ$11 -> 0.0625 | BR43: =$AJ$12 -> 2.8284271 | BS43: =$AJ$13 -> 22.627417
AW44: C5 | AX44: =-BB40 -> 2 | AY44: =-BB41 -> -2 | AZ44: =-BB42 -> 2 | BA44: =-BB43 -> 2 | BB44: 0 | BC44: 2 | BD44: =EXP((LN(SQRT(2)))*AX44) -> 2 | BE44: =EXP((LN(SQRT(2)))*AY44) -> 0.5 | BF44: =EXP((LN(SQRT(2)))*AZ44) -> 2 | BG44: =EXP((LN(SQRT(2)))*BA44) -> 2 | BH44: =EXP((LN(SQRT(2)))*BB44) -> 1 | BI44: =EXP((LN(SQRT(2)))*BC44) -> 2 | BJ44: =GEOMEAN(BD44:BI44) -> 1.4142136 | BK44: =BJ44/SUM($BJ$40:$BJ$45) -> 0.18907065 | BM44: Environmental | BN44: Non-renewable dependance | BO44: =BK43 -> 0.075032736 | BP44: =$AJ$28 -> 11.313708 | BQ44: =$AJ$29 -> 0.125 | BR44: =$AJ$30 -> 1.4142136 | BS44: =$AJ$31 -> 0.5
AW45: C6 | AX45: =-BC40 -> -2 | AY45: =-BC41 -> -2 | AZ45: =-BC42 -> 0 | BA45: =-BC43 -> 0 | BB45: =-BC44 -> -2 | BC45: 0 | BD45: =EXP((LN(SQRT(2)))*AX45) -> 0.5 | BE45: =EXP((LN(SQRT(2)))*AY45) -> 0.5 | BF45: =EXP((LN(SQRT(2)))*AZ45) -> 1 | BG45: =EXP((LN(SQRT(2)))*BA45) -> 1 | BH45: =EXP((LN(SQRT(2)))*BB45) -> 0.5 | BI45: =EXP((LN(SQRT(2)))*BC45) -> 1 | BJ45: =GEOMEAN(BD45:BI45) -> 0.70710678 | BK45: =BJ45/SUM($BJ$40:$BJ$45) -> 0.094535324 | BM45: Social | BN45: Labour market and sociographic job distribution | BO45: =BK44 -> 0.18907065 | BP45: =$Y$10 -> 2.8284271 | BQ45: =$Y$11 -> 1 | BR45: =$Y$12 -> 8 | BS45: =$Y$13 -> 0.044194174
BK46: =SUM(BK40:BK45) -> 1 | BM46: Social | BN46: Territorial cohesion | BO46: =BK45 -> 0.094535324 | BP46: =$Y$28 -> 8 | BQ46: =$Y$29 -> 4 | BR46: =$Y$30 -> 0.70710678 | BS46: =$Y$31 -> 0.044194174
BO47: REMBRANDT Score | BP47: =($BO$41*BP41)+($BO$42*BP42)+($BO$43*BP43)+($BO$44*BP44)+($BO$45*BP45)+($BO$46*BP46) -> 2.4750022 | BQ47: =($BO$41*BQ41)+($BO$42*BQ42)+($BO$43*BQ43)+($BO$44*BQ44)+($BO$45*BQ45)+($BO$46*BQ46) -> 0.59952713 | BR47: =($BO$41*BR41)+($BO$42*BR42)+($BO$43*BR43)+($BO$44*BR44)+($BO$45*BR45)+($BO$46*BR46) -> 9.090232 | BS47: =($BO$41*BS41)+($BO$42*BS42)+($BO$43*BS43)+($BO$44*BS44)+($BO$45*BS45)+($BO$46*BS46) -> 5.1641866
BO48: Normalized | BP48: =BP47*100/SUM($BP$47:$BS$47) -> 14.282472 | BQ48: =BQ47*100/SUM($BP$47:$BS$47) -> 3.4596857 | BR48: =BR47*100/SUM($BP$47:$BS$47) -> 52.456918 | BS48: =BS47*100/SUM($BP$47:$BS$47) -> 29.800924
BG50: Weights
BF51: Criterias | BG51: Baseline | BH51: Environmentalist | BI51: Workforce | BJ51: Corporations
BF52: C1 | BG52: =BK10 -> 0.45886377 | BH52: =BK20 -> 0.080768121 | BI52: =BK30 -> 0.14707282 | BJ52: =BK40 -> 0.15006547
BF53: C2 | BG53: =BK11 -> 0.25752858 | BH53: =BK21 -> 0.050880728 | BI53: =BK31 -> 0.23346355 | BJ53: =BK41 -> 0.42444925
BF54: C3 | BG54: =BK12 -> 0.11471594 | BH54: =BK22 -> 0.40704583 | BI54: =BK32 -> 0.092650069 | BJ54: =BK42 -> 0.066846568
BF55: C4 | BG55: =BK13 -> 0.072266515 | BH55: =BK23 -> 0.2564228 | BI55: =BK33 -> 0.10399619 | BJ55: =BK43 -> 0.075032736
BF56: C5 | BG56: =BK14 -> 0.051100143 | BH56: =BK24 -> 0.090659151 | BI56: =BK34 -> 0.33016731 | BJ56: =BK44 -> 0.18907065
BF57: C6 | BG57: =BK15 -> 0.045525052 | BH57: =BK25 -> 0.11422337 | BI57: =BK35 -> 0.092650069 | BJ57: =BK45 -> 0.094535324
BG58: REMBRANDT Normalized Score
BF59: SC1 | BG59: =BP15 -> 11.202224 | BH59: =BP26 -> 22.989684 | BI59: =BP37 -> 19.640198 | BJ59: =BP48 -> 14.282472
BF60: SC10 | BG60: =BQ15 -> 1.7579971 | BH60: =BQ26 -> 3.301922 | BI60: =BQ37 -> 4.6564309 | BJ60: =BQ48 -> 3.4596857
BF61: SC18 | BG61: =BR15 -> 38.94215 | BH61: =BR26 -> 18.164978 | BI61: =BR37 -> 46.109354 | BJ61: =BR48 -> 52.456918
BF62: SC20 | BG62: =BS15 -> 48.097629 | BH62: =BS26 -> 55.543416 | BI62: =BS37 -> 29.594018 | BJ62: =BS48 -> 29.800924

Sheet REMBRANDT Sensitivity Analysis
I2: Factor 1 | P2: Factor 1.7 | W2: Factor 2 | AD2: Factor 2.7
B4: C1 | D4: SC1 | E4: SC10 | F4: SC18 | G4: SC20 | J4: SC1 | K4: SC10 | L4: SC18 | M4: SC20 | N4: Geomean | Q4: SC1 | R4: SC10 | S4: SC18 | T4: SC20 | U4: Geomean | X4: SC1 | Y4: SC10 | Z4: SC18 | AA4: SC20 | AB4: Geomean | AE4: SC1 | AF4: SC10 | AG4: SC18 | AH4: SC20 | AI4: Geomean | AM4: C1 | AN4: C2 | AO4: C3 | AP4: C4 | AQ4: C5 | AR4: C6 | AY4: Geo Mean | AZ4: Weight | BB4: Factor 2 | BC4: Final Value
C5: SC1 | D5: ='MCDA - Economic'!W43 -> 0 | E5: ='MCDA - Economic'!X43 -> 4 | F5: ='MCDA - Economic'!Y43 -> -2 | G5: ='MCDA - Economic'!Z43 -> -4 | I5: SC1 | J5: =EXP((LN(1)*+D5)) -> 1 | K5: =EXP((LN(1)*+E5)) -> 1 | L5: =EXP((LN(1)*+F5)) -> 1 | M5: =EXP((LN(1)*+G5)) -> 1 | N5: =GEOMEAN(J5:M5) -> 1 | P5: SC1 | Q5: =EXP((LN(1.7)*+D5)) -> 1 | R5: =EXP((LN(1.7)*+E5)) -> 8.3521 | S5: =EXP((LN(1.7)*+F5)) -> 0.34602076 | T5: =EXP((LN(1.7)*+G5)) -> 0.11973037 | U5: =GEOMEAN(Q5:T5) -> 0.76696499 | W5: SC1 | X5: =EXP((LN(2)*+D5)) -> 1 | Y5: =EXP((LN(2)*+E5)) -> 16 | Z5: =EXP((LN(2)*+F5)) -> 0.25 | AA5: =EXP((LN(2)*+G5)) -> 0.0625 | AB5: =GEOMEAN(X5:AA5) -> 0.70710678 | AD5: SC1 | AE5: =EXP((LN(2.7)*+D5)) -> 1 | AF5: =EXP((LN(2.7)*+E5)) -> 53.1441 | AG5: =EXP((LN(2.7)*+F5)) -> 0.13717421 | AH5: =EXP((LN(2.7)*+G5)) -> 0.018816764 | AI5: =GEOMEAN(AE5:AH5) -> 0.60858062 | AL5: C1 | AM5: ='MCDA - REMBRANDT'!AX10 -> 0 | AN5: ='MCDA - REMBRANDT'!AY10 -> 2 | AO5: ='MCDA - REMBRANDT'!AZ10 -> 4 | AP5: ='MCDA - REMBRANDT'!BA10 -> 6 | AQ5: ='MCDA - REMBRANDT'!BB10 -> 6 | AR5: ='MCDA - REMBRANDT'!BC10 -> 6 | AS5: =EXP((LN(SQRT(2)))*AM5) -> 1 | AT5: =EXP((LN(SQRT(2)))*AN5) -> 2 | AU5: =EXP((LN(SQRT(2)))*AO5) -> 4 | AV5: =EXP((LN(SQRT(2)))*AP5) -> 8 | AW5: =EXP((LN(SQRT(2)))*AQ5) -> 8 | AX5: =EXP((LN(SQRT(2)))*AR5) -> 8 | AY5: =GEOMEAN(AS5:AX5) -> 4 | AZ5: =AY5/SUM($AY$5:$AY$10) -> 0.45886377 | BB5: SC1 | BC5: ='MCDA - REMBRANDT'!AU10^'REMBRANDT Sensitivity Analysis'!$AZ$5*'MCDA - REMBRANDT'!AU28^'REMBRANDT Sensitivity Analysis'!$AZ$6*'MCDA - REMBRANDT'!AJ10^'REMBRANDT Sensitivity Analysis'!$AZ$7*'MCDA - REMBRANDT'!AJ28^'REMBRANDT Sensitivity Analysis'!$AZ$8*'MCDA - REMBRANDT'!Y10^'REMBRANDT Sensitivity Analysis'!$AZ$9*'MCDA - REMBRANDT'!Y28^'REMBRANDT Sensitivity Analysis'!$AZ$10 -> 0.84075993
C6: SC10 | D6: ='MCDA - Economic'!W44 -> -4 | E6: ='MCDA - Economic'!X44 -> 0 | F6: ='MCDA - Economic'!Y44 -> -6 | G6: ='MCDA - Economic'!Z44 -> -6 | I6: SC10 | J6: =EXP((LN(1)*+D6)) -> 1 | K6: =EXP((LN(1)*+E6)) -> 1 | L6: =EXP((LN(1)*+F6)) -> 1 | M6: =EXP((LN(1)*+G6)) -> 1 | N6: =GEOMEAN(J6:M6) -> 1 | P6: SC10 | Q6: =EXP((LN(1.7)*+D6)) -> 0.11973037 | R6: =EXP((LN(1.7)*+E6)) -> 1 | S6: =EXP((LN(1.7)*+F6)) -> 0.041429193 | T6: =EXP((LN(1.7)*+G6)) -> 0.041429193 | U6: =GEOMEAN(Q6:T6) -> 0.11973037 | W6: SC10 | X6: =EXP((LN(2)*+D6)) -> 0.0625 | Y6: =EXP((LN(2)*+E6)) -> 1 | Z6: =EXP((LN(2)*+F6)) -> 0.015625 | AA6: =EXP((LN(2)*+G6)) -> 0.015625 | AB6: =GEOMEAN(X6:AA6) -> 0.0625 | AD6: SC10 | AE6: =EXP((LN(2.7)*+D6)) -> 0.018816764 | AF6: =EXP((LN(2.7)*+E6)) -> 1 | AG6: =EXP((LN(2.7)*+F6)) -> 0.0025811748 | AH6: =EXP((LN(2.7)*+G6)) -> 0.0025811748 | AI6: =GEOMEAN(AE6:AH6) -> 0.018816764 | AL6: C2 | AM6: ='MCDA - REMBRANDT'!AX11 -> -2 | AN6: ='MCDA - REMBRANDT'!AY11 -> 0 | AO6: ='MCDA - REMBRANDT'!AZ11 -> 2 | AP6: ='MCDA - REMBRANDT'!BA11 -> 4 | AQ6: ='MCDA - REMBRANDT'!BB11 -> 4 | AR6: ='MCDA - REMBRANDT'!BC11 -> 6 | AS6: =EXP((LN(SQRT(2)))*AM6) -> 0.5 | AT6: =EXP((LN(SQRT(2)))*AN6) -> 1 | AU6: =EXP((LN(SQRT(2)))*AO6) -> 2 | AV6: =EXP((LN(SQRT(2)))*AP6) -> 4 | AW6: =EXP((LN(SQRT(2)))*AQ6) -> 4 | AX6: =EXP((LN(SQRT(2)))*AR6) -> 8 | AY6: =GEOMEAN(AS6:AX6) -> 2.2449241 | AZ6: =AY6/SUM($AY$5:$AY$10) -> 0.25752858 | BB6: SC10 | BC6: ='MCDA - REMBRANDT'!AU11^'REMBRANDT Sensitivity Analysis'!$AZ$5*'MCDA - REMBRANDT'!AU29^'REMBRANDT Sensitivity Analysis'!$AZ$6*'MCDA - REMBRANDT'!AJ11^'REMBRANDT Sensitivity Analysis'!$AZ$7*'MCDA - REMBRANDT'!AJ29^'REMBRANDT Sensitivity Analysis'!$AZ$8*'MCDA - REMBRANDT'!Y11^'REMBRANDT Sensitivity Analysis'!$AZ$9*'MCDA - REMBRANDT'!Y29^'REMBRANDT Sensitivity Analysis'!$AZ$10 -> 0.070001251
C7: SC18 | D7: ='MCDA - Economic'!W45 -> 2 | E7: ='MCDA - Economic'!X45 -> 6 | F7: ='MCDA - Economic'!Y45 -> 0 | G7: ='MCDA - Economic'!Z45 -> -2 | I7: SC18 | J7: =EXP((LN(1)*+D7)) -> 1 | K7: =EXP((LN(1)*+E7)) -> 1 | L7: =EXP((LN(1)*+F7)) -> 1 | M7: =EXP((LN(1)*+G7)) -> 1 | N7: =GEOMEAN(J7:M7) -> 1 | P7: SC18 | Q7: =EXP((LN(1.7)*+D7)) -> 2.89 | R7: =EXP((LN(1.7)*+E7)) -> 24.137569 | S7: =EXP((LN(1.7)*+F7)) -> 1 | T7: =EXP((LN(1.7)*+G7)) -> 0.34602076 | U7: =GEOMEAN(Q7:T7) -> 2.2165288 | W7: SC18 | X7: =EXP((LN(2)*+D7)) -> 4 | Y7: =EXP((LN(2)*+E7)) -> 64 | Z7: =EXP((LN(2)*+F7)) -> 1 | AA7: =EXP((LN(2)*+G7)) -> 0.25 | AB7: =GEOMEAN(X7:AA7) -> 2.8284271 | AD7: SC18 | AE7: =EXP((LN(2.7)*+D7)) -> 7.29 | AF7: =EXP((LN(2.7)*+E7)) -> 387.42049 | AG7: =EXP((LN(2.7)*+F7)) -> 1 | AH7: =EXP((LN(2.7)*+G7)) -> 0.13717421 | AI7: =GEOMEAN(AE7:AH7) -> 4.4365527 | AL7: C3 | AM7: ='MCDA - REMBRANDT'!AX12 -> -4 | AN7: ='MCDA - REMBRANDT'!AY12 -> -2 | AO7: ='MCDA - REMBRANDT'!AZ12 -> 0 | AP7: ='MCDA - REMBRANDT'!BA12 -> 2 | AQ7: ='MCDA - REMBRANDT'!BB12 -> 2 | AR7: ='MCDA - REMBRANDT'!BC12 -> 2 | AS7: =EXP((LN(SQRT(2)))*AM7) -> 0.25 | AT7: =EXP((LN(SQRT(2)))*AN7) -> 0.5 | AU7: =EXP((LN(SQRT(2)))*AO7) -> 1 | AV7: =EXP((LN(SQRT(2)))*AP7) -> 2 | AW7: =EXP((LN(SQRT(2)))*AQ7) -> 2 | AX7: =EXP((LN(SQRT(2)))*AR7) -> 2 | AY7: =GEOMEAN(AS7:AX7) -> 1 | AZ7: =AY7/SUM($AY$5:$AY$10) -> 0.11471594 | BB7: SC18 | BC7: ='MCDA - REMBRANDT'!AU12^'REMBRANDT Sensitivity Analysis'!$AZ$5*'MCDA - REMBRANDT'!AU30^'REMBRANDT Sensitivity Analysis'!$AZ$6*'MCDA - REMBRANDT'!AJ12^'REMBRANDT Sensitivity Analysis'!$AZ$7*'MCDA - REMBRANDT'!AJ30^'REMBRANDT Sensitivity Analysis'!$AZ$8*'MCDA - REMBRANDT'!Y12^'REMBRANDT Sensitivity Analysis'!$AZ$9*'MCDA - REMBRANDT'!Y30^'REMBRANDT Sensitivity Analysis'!$AZ$10 -> 4.1616483
C8: SC20 | D8: ='MCDA - Economic'!W46 -> 4 | E8: ='MCDA - Economic'!X46 -> 6 | F8: ='MCDA - Economic'!Y46 -> 2 | G8: ='MCDA - Economic'!Z46 -> 0 | I8: SC20 | J8: =EXP((LN(1)*+D8)) -> 1 | K8: =EXP((LN(1)*+E8)) -> 1 | L8: =EXP((LN(1)*+F8)) -> 1 | M8: =EXP((LN(1)*+G8)) -> 1 | N8: =GEOMEAN(J8:M8) -> 1 | P8: SC20 | Q8: =EXP((LN(1.7)*+D8)) -> 8.3521 | R8: =EXP((LN(1.7)*+E8)) -> 24.137569 | S8: =EXP((LN(1.7)*+F8)) -> 2.89 | T8: =EXP((LN(1.7)*+G8)) -> 1 | U8: =GEOMEAN(Q8:T8) -> 4.913 | W8: SC20 | X8: =EXP((LN(2)*+D8)) -> 16 | Y8: =EXP((LN(2)*+E8)) -> 64 | Z8: =EXP((LN(2)*+F8)) -> 4 | AA8: =EXP((LN(2)*+G8)) -> 1 | AB8: =GEOMEAN(X8:AA8) -> 8 | AD8: SC20 | AE8: =EXP((LN(2.7)*+D8)) -> 53.1441 | AF8: =EXP((LN(2.7)*+E8)) -> 387.42049 | AG8: =EXP((LN(2.7)*+F8)) -> 7.29 | AH8: =EXP((LN(2.7)*+G8)) -> 1 | AI8: =GEOMEAN(AE8:AH8) -> 19.683 | AL8: C4 | AM8: ='MCDA - REMBRANDT'!AX13 -> -6 | AN8: ='MCDA - REMBRANDT'!AY13 -> -4 | AO8: ='MCDA - REMBRANDT'!AZ13 -> -2 | AP8: ='MCDA - REMBRANDT'!BA13 -> 0 | AQ8: ='MCDA - REMBRANDT'!BB13 -> 2 | AR8: ='MCDA - REMBRANDT'!BC13 -> 2 | AS8: =EXP((LN(SQRT(2)))*AM8) -> 0.125 | AT8: =EXP((LN(SQRT(2)))*AN8) -> 0.25 | AU8: =EXP((LN(SQRT(2)))*AO8) -> 0.5 | AV8: =EXP((LN(SQRT(2)))*AP8) -> 1 | AW8: =EXP((LN(SQRT(2)))*AQ8) -> 2 | AX8: =EXP((LN(SQRT(2)))*AR8) -> 2 | AY8: =GEOMEAN(AS8:AX8) -> 0.62996052 | AZ8: =AY8/SUM($AY$5:$AY$10) -> 0.072266515 | BB8: SC20 | BC8: ='MCDA - REMBRANDT'!AU13^'REMBRANDT Sensitivity Analysis'!$AZ$5*'MCDA - REMBRANDT'!AU31^'REMBRANDT Sensitivity Analysis'!$AZ$6*'MCDA - REMBRANDT'!AJ13^'REMBRANDT Sensitivity Analysis'!$AZ$7*'MCDA - REMBRANDT'!AJ31^'REMBRANDT Sensitivity Analysis'!$AZ$8*'MCDA - REMBRANDT'!Y13^'REMBRANDT Sensitivity Analysis'!$AZ$9*'MCDA - REMBRANDT'!Y31^'REMBRANDT Sensitivity Analysis'!$AZ$10 -> 4.0827879
AL9: C5 | AM9: ='MCDA - REMBRANDT'!AX14 -> -6 | AN9: ='MCDA - REMBRANDT'!AY14 -> -4 | AO9: ='MCDA - REMBRANDT'!AZ14 -> -2 | AP9: ='MCDA - REMBRANDT'!BA14 -> -2 | AQ9: ='MCDA - REMBRANDT'!BB14 -> 0 | AR9: ='MCDA - REMBRANDT'!BC14 -> 0 | AS9: =EXP((LN(SQRT(2)))*AM9) -> 0.125 | AT9: =EXP((LN(SQRT(2)))*AN9) -> 0.25 | AU9: =EXP((LN(SQRT(2)))*AO9) -> 0.5 | AV9: =EXP((LN(SQRT(2)))*AP9) -> 0.5 | AW9: =EXP((LN(SQRT(2)))*AQ9) -> 1 | AX9: =EXP((LN(SQRT(2)))*AR9) -> 1 | AY9: =GEOMEAN(AS9:AX9) -> 0.44544936 | AZ9: =AY9/SUM($AY$5:$AY$10) -> 0.051100143
B10: C2 | D10: SC1 | E10: SC10 | F10: SC18 | G10: SC20 | J10: SC1 | K10: SC10 | L10: SC18 | M10: SC20 | Q10: SC1 | R10: SC10 | S10: SC18 | T10: SC20 | X10: SC1 | Y10: SC10 | Z10: SC18 | AA10: SC20 | AE10: SC1 | AF10: SC10 | AG10: SC18 | AH10: SC20 | AL10: C6 | AM10: ='MCDA - REMBRANDT'!AX15 -> -6 | AN10: ='MCDA - REMBRANDT'!AY15 -> -6 | AO10: ='MCDA - REMBRANDT'!AZ15 -> -2 | AP10: ='MCDA - REMBRANDT'!BA15 -> -2 | AQ10: ='MCDA - REMBRANDT'!BB15 -> 0 | AR10: ='MCDA - REMBRANDT'!BC15 -> 0 | AS10: =EXP((LN(SQRT(2)))*AM10) -> 0.125 | AT10: =EXP((LN(SQRT(2)))*AN10) -> 0.125 | AU10: =EXP((LN(SQRT(2)))*AO10) -> 0.5 | AV10: =EXP((LN(SQRT(2)))*AP10) -> 0.5 | AW10: =EXP((LN(SQRT(2)))*AQ10) -> 1 | AX10: =EXP((LN(SQRT(2)))*AR10) -> 1 | AY10: =GEOMEAN(AS10:AX10) -> 0.39685026 | AZ10: =AY10/SUM($AY$5:$AY$10) -> 0.045525052
C11: SC1 | D11: ='MCDA - Economic'!W69 -> 0 | E11: ='MCDA - Economic'!X69 -> 6 | F11: ='MCDA - Economic'!Y69 -> -6 | G11: ='MCDA - Economic'!Z69 -> -4 | I11: SC1 | J11: =EXP((LN(1)*+D11)) -> 1 | K11: =EXP((LN(1)*+E11)) -> 1 | L11: =EXP((LN(1)*+F11)) -> 1 | M11: =EXP((LN(1)*+G11)) -> 1 | N11: =GEOMEAN(J11:M11) -> 1 | P11: SC1 | Q11: =EXP((LN(1.7)*+D11)) -> 1 | R11: =EXP((LN(1.7)*+E11)) -> 24.137569 | S11: =EXP((LN(1.7)*+F11)) -> 0.041429193 | T11: =EXP((LN(1.7)*+G11)) -> 0.11973037 | U11: =GEOMEAN(Q11:T11) -> 0.58823529 | W11: SC1 | X11: =EXP((LN(2)*+D11)) -> 1 | Y11: =EXP((LN(2)*+E11)) -> 64 | Z11: =EXP((LN(2)*+F11)) -> 0.015625 | AA11: =EXP((LN(2)*+G11)) -> 0.0625 | AB11: =GEOMEAN(X11:AA11) -> 0.5 | AD11: SC1 | AE11: =EXP((LN(2.7)*+D11)) -> 1 | AF11: =EXP((LN(2.7)*+E11)) -> 387.42049 | AG11: =EXP((LN(2.7)*+F11)) -> 0.0025811748 | AH11: =EXP((LN(2.7)*+G11)) -> 0.018816764 | AI11: =GEOMEAN(AE11:AH11) -> 0.37037037
C12: SC10 | D12: ='MCDA - Economic'!W70 -> -6 | E12: ='MCDA - Economic'!X70 -> 0 | F12: ='MCDA - Economic'!Y70 -> -8 | G12: ='MCDA - Economic'!Z70 -> -8 | I12: SC10 | J12: =EXP((LN(1)*+D12)) -> 1 | K12: =EXP((LN(1)*+E12)) -> 1 | L12: =EXP((LN(1)*+F12)) -> 1 | M12: =EXP((LN(1)*+G12)) -> 1 | N12: =GEOMEAN(J12:M12) -> 1 | P12: SC10 | Q12: =EXP((LN(1.7)*+D12)) -> 0.041429193 | R12: =EXP((LN(1.7)*+E12)) -> 1 | S12: =EXP((LN(1.7)*+F12)) -> 0.014335361 | T12: =EXP((LN(1.7)*+G12)) -> 0.014335361 | U12: =GEOMEAN(Q12:T12) -> 0.054017059 | W12: SC10 | X12: =EXP((LN(2)*+D12)) -> 0.015625 | Y12: =EXP((LN(2)*+E12)) -> 1 | Z12: =EXP((LN(2)*+F12)) -> 0.00390625 | AA12: =EXP((LN(2)*+G12)) -> 0.00390625 | AB12: =GEOMEAN(X12:AA12) -> 0.022097087 | AD12: SC10 | AE12: =EXP((LN(2.7)*+D12)) -> 0.0025811748 | AF12: =EXP((LN(2.7)*+E12)) -> 1 | AG12: =EXP((LN(2.7)*+F12)) -> 0.00035407062 | AH12: =EXP((LN(2.7)*+G12)) -> 0.00035407062 | AI12: =GEOMEAN(AE12:AH12) -> 0.004241303
C13: SC18 | D13: ='MCDA - Economic'!W71 -> 6 | E13: ='MCDA - Economic'!X71 -> 8 | F13: ='MCDA - Economic'!Y71 -> 0 | G13: ='MCDA - Economic'!Z71 -> 2 | I13: SC18 | J13: =EXP((LN(1)*+D13)) -> 1 | K13: =EXP((LN(1)*+E13)) -> 1 | L13: =EXP((LN(1)*+F13)) -> 1 | M13: =EXP((LN(1)*+G13)) -> 1 | N13: =GEOMEAN(J13:M13) -> 1 | P13: SC18 | Q13: =EXP((LN(1.7)*+D13)) -> 24.137569 | R13: =EXP((LN(1.7)*+E13)) -> 69.757574 | S13: =EXP((LN(1.7)*+F13)) -> 1 | T13: =EXP((LN(1.7)*+G13)) -> 2.89 | U13: =GEOMEAN(Q13:T13) -> 8.3521 | W13: SC18 | X13: =EXP((LN(2)*+D13)) -> 64 | Y13: =EXP((LN(2)*+E13)) -> 256 | Z13: =EXP((LN(2)*+F13)) -> 1 | AA13: =EXP((LN(2)*+G13)) -> 4 | AB13: =GEOMEAN(X13:AA13) -> 16 | AD13: SC18 | AE13: =EXP((LN(2.7)*+D13)) -> 387.42049 | AF13: =EXP((LN(2.7)*+E13)) -> 2824.2954 | AG13: =EXP((LN(2.7)*+F13)) -> 1 | AH13: =EXP((LN(2.7)*+G13)) -> 7.29 | AI13: =GEOMEAN(AE13:AH13) -> 53.1441 | AR13: Factor 1 | AY13: Geo Mean | AZ13: Weight | BB13: Factor 1 | BC13: Final Value
C14: SC20 | D14: ='MCDA - Economic'!W72 -> 4 | E14: ='MCDA - Economic'!X72 -> 8 | F14: ='MCDA - Economic'!Y72 -> -2 | G14: ='MCDA - Economic'!Z72 -> 0 | I14: SC20 | J14: =EXP((LN(1)*+D14)) -> 1 | K14: =EXP((LN(1)*+E14)) -> 1 | L14: =EXP((LN(1)*+F14)) -> 1 | M14: =EXP((LN(1)*+G14)) -> 1 | N14: =GEOMEAN(J14:M14) -> 1 | P14: SC20 | Q14: =EXP((LN(1.7)*+D14)) -> 8.3521 | R14: =EXP((LN(1.7)*+E14)) -> 69.757574 | S14: =EXP((LN(1.7)*+F14)) -> 0.34602076 | T14: =EXP((LN(1.7)*+G14)) -> 1 | U14: =GEOMEAN(Q14:T14) -> 3.768099 | W14: SC20 | X14: =EXP((LN(2)*+D14)) -> 16 | Y14: =EXP((LN(2)*+E14)) -> 256 | Z14: =EXP((LN(2)*+F14)) -> 0.25 | AA14: =EXP((LN(2)*+G14)) -> 1 | AB14: =GEOMEAN(X14:AA14) -> 5.6568542 | AD14: SC20 | AE14: =EXP((LN(2.7)*+D14)) -> 53.1441 | AF14: =EXP((LN(2.7)*+E14)) -> 2824.2954 | AG14: =EXP((LN(2.7)*+F14)) -> 0.13717421 | AH14: =EXP((LN(2.7)*+G14)) -> 1 | AI14: =GEOMEAN(AE14:AH14) -> 11.978692 | AS14: =EXP(LN(1^0.5)*AM5) -> 1 | AT14: =EXP(LN(1^0.5)*AN5) -> 1 | AU14: =EXP(LN(1^0.5)*AO5) -> 1 | AV14: =EXP(LN(1^0.5)*AP5) -> 1 | AW14: =EXP(LN(1^0.5)*AQ5) -> 1 | AX14: =EXP(LN(1^0.5)*AR5) -> 1 | AY14: =GEOMEAN(AS14:AX14) -> 1 | AZ14: =AY14/SUM($AY$14:$AY$19) -> 0.16666667 | BB14: SC1 | BC14: ='MCDA - REMBRANDT'!AU10^$AZ$14*'MCDA - REMBRANDT'!AU28^$AZ$15*'MCDA - REMBRANDT'!AJ10^$AZ$16*'MCDA - REMBRANDT'!AJ28^$AZ$17*'MCDA - REMBRANDT'!Y10^$AZ$18*'MCDA - REMBRANDT'!Y28^$AZ$19 -> 1.6817928
AS15: =EXP(LN(1^0.5)*AM6) -> 1 | AT15: =EXP(LN(1^0.5)*AN6) -> 1 | AU15: =EXP(LN(1^0.5)*AO6) -> 1 | AV15: =EXP(LN(1^0.5)*AP6) -> 1 | AW15: =EXP(LN(1^0.5)*AQ6) -> 1 | AX15: =EXP(LN(1^0.5)*AR6) -> 1 | AY15: =GEOMEAN(AS15:AX15) -> 1 | AZ15: =AY15/SUM($AY$14:$AY$19) -> 0.16666667 | BB15: SC10 | BC15: ='MCDA - REMBRANDT'!AU11^$AZ$14*'MCDA - REMBRANDT'!AU29^$AZ$15*'MCDA - REMBRANDT'!AJ11^$AZ$16*'MCDA - REMBRANDT'!AJ29^$AZ$17*'MCDA - REMBRANDT'!Y11^$AZ$18*'MCDA - REMBRANDT'!Y29^$AZ$19 -> 0.18728838
B16: C3 | D16: SC1 | E16: SC10 | F16: SC18 | G16: SC20 | J16: SC1 | K16: SC10 | L16: SC18 | M16: SC20 | Q16: SC1 | R16: SC10 | S16: SC18 | T16: SC20 | X16: SC1 | Y16: SC10 | Z16: SC18 | AA16: SC20 | AE16: SC1 | AF16: SC10 | AG16: SC18 | AH16: SC20 | AS16: =EXP(LN(1^0.5)*AM7) -> 1 | AT16: =EXP(LN(1^0.5)*AN7) -> 1 | AU16: =EXP(LN(1^0.5)*AO7) -> 1 | AV16: =EXP(LN(1^0.5)*AP7) -> 1 | AW16: =EXP(LN(1^0.5)*AQ7) -> 1 | AX16: =EXP(LN(1^0.5)*AR7) -> 1 | AY16: =GEOMEAN(AS16:AX16) -> 1 | AZ16: =AY16/SUM($AY$14:$AY$19) -> 0.16666667 | BB16: SC18 | BC16: ='MCDA - REMBRANDT'!AU12^$AZ$14*'MCDA - REMBRANDT'!AU30^$AZ$15*'MCDA - REMBRANDT'!AJ12^$AZ$16*'MCDA - REMBRANDT'!AJ30^$AZ$17*'MCDA - REMBRANDT'!Y12^$AZ$18*'MCDA - REMBRANDT'!Y30^$AZ$19 -> 3.1748021
C17: SC1 | D17: ='MCDA - Environment'!AC21 -> 0 | E17: ='MCDA - Environment'!AD21 -> 2 | F17: ='MCDA - Environment'!AE21 -> -4 | G17: ='MCDA - Environment'!AF21 -> -6 | I17: SC1 | J17: =EXP((LN(1)*+D17)) -> 1 | K17: =EXP((LN(1)*+E17)) -> 1 | L17: =EXP((LN(1)*+F17)) -> 1 | M17: =EXP((LN(1)*+G17)) -> 1 | N17: =GEOMEAN(J17:M17) -> 1 | P17: SC1 | Q17: =EXP((LN(1.7)*+D17)) -> 1 | R17: =EXP((LN(1.7)*+E17)) -> 2.89 | S17: =EXP((LN(1.7)*+F17)) -> 0.11973037 | T17: =EXP((LN(1.7)*+G17)) -> 0.041429193 | U17: =GEOMEAN(Q17:T17) -> 0.34602076 | W17: SC1 | X17: =EXP((LN(2)*+D17)) -> 1 | Y17: =EXP((LN(2)*+E17)) -> 4 | Z17: =EXP((LN(2)*+F17)) -> 0.0625 | AA17: =EXP((LN(2)*+G17)) -> 0.015625 | AB17: =GEOMEAN(X17:AA17) -> 0.25 | AD17: SC1 | AE17: =EXP((LN(2.7)*+D17)) -> 1 | AF17: =EXP((LN(2.7)*+E17)) -> 7.29 | AG17: =EXP((LN(2.7)*+F17)) -> 0.018816764 | AH17: =EXP((LN(2.7)*+G17)) -> 0.0025811748 | AI17: =GEOMEAN(AE17:AH17) -> 0.13717421 | AS17: =EXP(LN(1^0.5)*AM8) -> 1 | AT17: =EXP(LN(1^0.5)*AN8) -> 1 | AU17: =EXP(LN(1^0.5)*AO8) -> 1 | AV17: =EXP(LN(1^0.5)*AP8) -> 1 | AW17: =EXP(LN(1^0.5)*AQ8) -> 1 | AX17: =EXP(LN(1^0.5)*AR8) -> 1 | AY17: =GEOMEAN(AS17:AX17) -> 1 | AZ17: =AY17/SUM($AY$14:$AY$19) -> 0.16666667 | BB17: SC20 | BC17: ='MCDA - REMBRANDT'!AU13^$AZ$14*'MCDA - REMBRANDT'!AU31^$AZ$15*'MCDA - REMBRANDT'!AJ13^$AZ$16*'MCDA - REMBRANDT'!AJ31^$AZ$17*'MCDA - REMBRANDT'!Y13^$AZ$18*'MCDA - REMBRANDT'!Y31^$AZ$19 -> 1
C18: SC10 | D18: ='MCDA - Environment'!AC22 -> -2 | E18: ='MCDA - Environment'!AD22 -> 0 | F18: ='MCDA - Environment'!AE22 -> -6 | G18: ='MCDA - Environment'!AF22 -> -8 | I18: SC10 | J18: =EXP((LN(1)*+D18)) -> 1 | K18: =EXP((LN(1)*+E18)) -> 1 | L18: =EXP((LN(1)*+F18)) -> 1 | M18: =EXP((LN(1)*+G18)) -> 1 | N18: =GEOMEAN(J18:M18) -> 1 | P18: SC10 | Q18: =EXP((LN(1.7)*+D18)) -> 0.34602076 | R18: =EXP((LN(1.7)*+E18)) -> 1 | S18: =EXP((LN(1.7)*+F18)) -> 0.041429193 | T18: =EXP((LN(1.7)*+G18)) -> 0.014335361 | U18: =GEOMEAN(Q18:T18) -> 0.11973037 | W18: SC10 | X18: =EXP((LN(2)*+D18)) -> 0.25 | Y18: =EXP((LN(2)*+E18)) -> 1 | Z18: =EXP((LN(2)*+F18)) -> 0.015625 | AA18: =EXP((LN(2)*+G18)) -> 0.00390625 | AB18: =GEOMEAN(X18:AA18) -> 0.0625 | AD18: SC10 | AE18: =EXP((LN(2.7)*+D18)) -> 0.13717421 | AF18: =EXP((LN(2.7)*+E18)) -> 1 | AG18: =EXP((LN(2.7)*+F18)) -> 0.0025811748 | AH18: =EXP((LN(2.7)*+G18)) -> 0.00035407062 | AI18: =GEOMEAN(AE18:AH18) -> 0.018816764 | AS18: =EXP(LN(1^0.5)*AM9) -> 1 | AT18: =EXP(LN(1^0.5)*AN9) -> 1 | AU18: =EXP(LN(1^0.5)*AO9) -> 1 | AV18: =EXP(LN(1^0.5)*AP9) -> 1 | AW18: =EXP(LN(1^0.5)*AQ9) -> 1 | AX18: =EXP(LN(1^0.5)*AR9) -> 1 | AY18: =GEOMEAN(AS18:AX18) -> 1 | AZ18: =AY18/SUM($AY$14:$AY$19) -> 0.16666667
C19: SC18 | D19: ='MCDA - Environment'!AC23 -> 4 | E19: ='MCDA - Environment'!AD23 -> 6 | F19: ='MCDA - Environment'!AE23 -> 0 | G19: ='MCDA - Environment'!AF23 -> -4 | I19: SC18 | J19: =EXP((LN(1)*+D19)) -> 1 | K19: =EXP((LN(1)*+E19)) -> 1 | L19: =EXP((LN(1)*+F19)) -> 1 | M19: =EXP((LN(1)*+G19)) -> 1 | N19: =GEOMEAN(J19:M19) -> 1 | P19: SC18 | Q19: =EXP((LN(1.7)*+D19)) -> 8.3521 | R19: =EXP((LN(1.7)*+E19)) -> 24.137569 | S19: =EXP((LN(1.7)*+F19)) -> 1 | T19: =EXP((LN(1.7)*+G19)) -> 0.11973037 | U19: =GEOMEAN(Q19:T19) -> 2.2165288 | W19: SC18 | X19: =EXP((LN(2)*+D19)) -> 16 | Y19: =EXP((LN(2)*+E19)) -> 64 | Z19: =EXP((LN(2)*+F19)) -> 1 | AA19: =EXP((LN(2)*+G19)) -> 0.0625 | AB19: =GEOMEAN(X19:AA19) -> 2.8284271 | AD19: SC18 | AE19: =EXP((LN(2.7)*+D19)) -> 53.1441 | AF19: =EXP((LN(2.7)*+E19)) -> 387.42049 | AG19: =EXP((LN(2.7)*+F19)) -> 1 | AH19: =EXP((LN(2.7)*+G19)) -> 0.018816764 | AI19: =GEOMEAN(AE19:AH19) -> 4.4365527 | AS19: =EXP(LN(1^0.5)*AM10) -> 1 | AT19: =EXP(LN(1^0.5)*AN10) -> 1 | AU19: =EXP(LN(1^0.5)*AO10) -> 1 | AV19: =EXP(LN(1^0.5)*AP10) -> 1 | AW19: =EXP(LN(1^0.5)*AQ10) -> 1 | AX19: =EXP(LN(1^0.5)*AR10) -> 1 | AY19: =GEOMEAN(AS19:AX19) -> 1 | AZ19: =AY19/SUM($AY$14:$AY$19) -> 0.16666667
C20: SC20 | D20: ='MCDA - Environment'!AC24 -> 6 | E20: ='MCDA - Environment'!AD24 -> 8 | F20: ='MCDA - Environment'!AE24 -> 4 | G20: ='MCDA - Environment'!AF24 -> 0 | I20: SC20 | J20: =EXP((LN(1)*+D20)) -> 1 | K20: =EXP((LN(1)*+E20)) -> 1 | L20: =EXP((LN(1)*+F20)) -> 1 | M20: =EXP((LN(1)*+G20)) -> 1 | N20: =GEOMEAN(J20:M20) -> 1 | P20: SC20 | Q20: =EXP((LN(1.7)*+D20)) -> 24.137569 | R20: =EXP((LN(1.7)*+E20)) -> 69.757574 | S20: =EXP((LN(1.7)*+F20)) -> 8.3521 | T20: =EXP((LN(1.7)*+G20)) -> 1 | U20: =GEOMEAN(Q20:T20) -> 10.889806 | W20: SC20 | X20: =EXP((LN(2)*+D20)) -> 64 | Y20: =EXP((LN(2)*+E20)) -> 256 | Z20: =EXP((LN(2)*+F20)) -> 16 | AA20: =EXP((LN(2)*+G20)) -> 1 | AB20: =GEOMEAN(X20:AA20) -> 22.627417 | AD20: SC20 | AE20: =EXP((LN(2.7)*+D20)) -> 387.42049 | AF20: =EXP((LN(2.7)*+E20)) -> 2824.2954 | AG20: =EXP((LN(2.7)*+F20)) -> 53.1441 | AH20: =EXP((LN(2.7)*+G20)) -> 1 | AI20: =GEOMEAN(AE20:AH20) -> 87.324667
B22: C4 | D22: SC1 | E22: SC10 | F22: SC18 | G22: SC20 | J22: SC1 | K22: SC10 | L22: SC18 | M22: SC20 | Q22: SC1 | R22: SC10 | S22: SC18 | T22: SC20 | X22: SC1 | Y22: SC10 | Z22: SC18 | AA22: SC20 | AE22: SC1 | AF22: SC10 | AG22: SC18 | AH22: SC20 | AR22: Factor 1.7 | AY22: Geo Mean | AZ22: Weight | BB22: Factor 1.7 | BC22: Final Value
C23: SC1 | D23: ='MCDA - Environment'!AC30 -> 0 | E23: ='MCDA - Environment'!AD30 -> 6 | F23: ='MCDA - Environment'!AE30 -> 4 | G23: ='MCDA - Environment'!AF30 -> 4 | I23: SC1 | J23: =EXP((LN(1)*+D23)) -> 1 | K23: =EXP((LN(1)*+E23)) -> 1 | L23: =EXP((LN(1)*+F23)) -> 1 | M23: =EXP((LN(1)*+G23)) -> 1 | N23: =GEOMEAN(J23:M23) -> 1 | P23: SC1 | Q23: =EXP((LN(1.7)*+D23)) -> 1 | R23: =EXP((LN(1.7)*+E23)) -> 24.137569 | S23: =EXP((LN(1.7)*+F23)) -> 8.3521 | T23: =EXP((LN(1.7)*+G23)) -> 8.3521 | U23: =GEOMEAN(Q23:T23) -> 6.4057683 | W23: SC1 | X23: =EXP((LN(2)*+D23)) -> 1 | Y23: =EXP((LN(2)*+E23)) -> 64 | Z23: =EXP((LN(2)*+F23)) -> 16 | AA23: =EXP((LN(2)*+G23)) -> 16 | AB23: =GEOMEAN(X23:AA23) -> 11.313708 | AD23: SC1 | AE23: =EXP((LN(2.7)*+D23)) -> 1 | AF23: =EXP((LN(2.7)*+E23)) -> 387.42049 | AG23: =EXP((LN(2.7)*+F23)) -> 53.1441 | AH23: =EXP((LN(2.7)*+G23)) -> 53.1441 | AI23: =GEOMEAN(AE23:AH23) -> 32.342469 | AS23: =EXP(LN(1.7^0.5)*AM5) -> 1 | AT23: =EXP(LN(1.7^0.5)*AN5) -> 1.7 | AU23: =EXP(LN(1.7^0.5)*AO5) -> 2.89 | AV23: =EXP(LN(1.7^0.5)*AP5) -> 4.913 | AW23: =EXP(LN(1.7^0.5)*AQ5) -> 4.913 | AX23: =EXP(LN(1.7^0.5)*AR5) -> 4.913 | AY23: =GEOMEAN(AS23:AX23) -> 2.89 | AZ23: =AY23/SUM($AY$23:$AY$28) -> 0.38633462 | BB23: SC1 | BC23: ='MCDA - REMBRANDT'!AU10^$AZ$23*'MCDA - REMBRANDT'!AU28^$AZ$24*'MCDA - REMBRANDT'!AJ10^$AZ$25*'MCDA - REMBRANDT'!AJ28^$AZ$26*'MCDA - REMBRANDT'!Y10^$AZ$27*'MCDA - REMBRANDT'!Y28^$AZ$28 -> 0.94954524
C24: SC10 | D24: ='MCDA - Environment'!AC31 -> -6 | E24: ='MCDA - Environment'!AD31 -> 0 | F24: ='MCDA - Environment'!AE31 -> -4 | G24: ='MCDA - Environment'!AF31 -> -2 | I24: SC10 | J24: =EXP((LN(1)*+D24)) -> 1 | K24: =EXP((LN(1)*+E24)) -> 1 | L24: =EXP((LN(1)*+F24)) -> 1 | M24: =EXP((LN(1)*+G24)) -> 1 | N24: =GEOMEAN(J24:M24) -> 1 | P24: SC10 | Q24: =EXP((LN(1.7)*+D24)) -> 0.041429193 | R24: =EXP((LN(1.7)*+E24)) -> 1 | S24: =EXP((LN(1.7)*+F24)) -> 0.11973037 | T24: =EXP((LN(1.7)*+G24)) -> 0.34602076 | U24: =GEOMEAN(Q24:T24) -> 0.20354162 | W24: SC10 | X24: =EXP((LN(2)*+D24)) -> 0.015625 | Y24: =EXP((LN(2)*+E24)) -> 1 | Z24: =EXP((LN(2)*+F24)) -> 0.0625 | AA24: =EXP((LN(2)*+G24)) -> 0.25 | AB24: =GEOMEAN(X24:AA24) -> 0.125 | AD24: SC10 | AE24: =EXP((LN(2.7)*+D24)) -> 0.0025811748 | AF24: =EXP((LN(2.7)*+E24)) -> 1 | AG24: =EXP((LN(2.7)*+F24)) -> 0.018816764 | AH24: =EXP((LN(2.7)*+G24)) -> 0.13717421 | AI24: =GEOMEAN(AE24:AH24) -> 0.050805263 | AS24: =EXP(LN(1.7^0.5)*AM6) -> 0.58823529 | AT24: =EXP(LN(1.7^0.5)*AN6) -> 1 | AU24: =EXP(LN(1.7^0.5)*AO6) -> 1.7 | AV24: =EXP(LN(1.7^0.5)*AP6) -> 2.89 | AW24: =EXP(LN(1.7^0.5)*AQ6) -> 2.89 | AX24: =EXP(LN(1.7^0.5)*AR6) -> 4.913 | AY24: =GEOMEAN(AS24:AX24) -> 1.8571932 | AZ24: =AY24/SUM($AY$23:$AY$28) -> 0.24826921 | BB24: SC10 | BC24: ='MCDA - REMBRANDT'!AU11^$AZ$23*'MCDA - REMBRANDT'!AU29^$AZ$24*'MCDA - REMBRANDT'!AJ11^$AZ$25*'MCDA - REMBRANDT'!AJ29^$AZ$26*'MCDA - REMBRANDT'!Y11^$AZ$27*'MCDA - REMBRANDT'!Y29^$AZ$28 -> 0.082737583
C25: SC18 | D25: ='MCDA - Environment'!AC32 -> -4 | E25: ='MCDA - Environment'!AD32 -> 4 | F25: ='MCDA - Environment'!AE32 -> 0 | G25: ='MCDA - Environment'!AF32 -> 2 | I25: SC18 | J25: =EXP((LN(1)*+D25)) -> 1 | K25: =EXP((LN(1)*+E25)) -> 1 | L25: =EXP((LN(1)*+F25)) -> 1 | M25: =EXP((LN(1)*+G25)) -> 1 | N25: =GEOMEAN(J25:M25) -> 1 | P25: SC18 | Q25: =EXP((LN(1.7)*+D25)) -> 0.11973037 | R25: =EXP((LN(1.7)*+E25)) -> 8.3521 | S25: =EXP((LN(1.7)*+F25)) -> 1 | T25: =EXP((LN(1.7)*+G25)) -> 2.89 | U25: =GEOMEAN(Q25:T25) -> 1.3038405 | W25: SC18 | X25: =EXP((LN(2)*+D25)) -> 0.0625 | Y25: =EXP((LN(2)*+E25)) -> 16 | Z25: =EXP((LN(2)*+F25)) -> 1 | AA25: =EXP((LN(2)*+G25)) -> 4 | AB25: =GEOMEAN(X25:AA25) -> 1.4142136 | AD25: SC18 | AE25: =EXP((LN(2.7)*+D25)) -> 0.018816764 | AF25: =EXP((LN(2.7)*+E25)) -> 53.1441 | AG25: =EXP((LN(2.7)*+F25)) -> 1 | AH25: =EXP((LN(2.7)*+G25)) -> 7.29 | AI25: =GEOMEAN(AE25:AH25) -> 1.6431677 | AS25: =EXP(LN(1.7^0.5)*AM7) -> 0.34602076 | AT25: =EXP(LN(1.7^0.5)*AN7) -> 0.58823529 | AU25: =EXP(LN(1.7^0.5)*AO7) -> 1 | AV25: =EXP(LN(1.7^0.5)*AP7) -> 1.7 | AW25: =EXP(LN(1.7^0.5)*AQ7) -> 1.7 | AX25: =EXP(LN(1.7^0.5)*AR7) -> 1.7 | AY25: =GEOMEAN(AS25:AX25) -> 1 | AZ25: =AY25/SUM($AY$23:$AY$28) -> 0.1336798 | BB25: SC18 | BC25: ='MCDA - REMBRANDT'!AU12^$AZ$23*'MCDA - REMBRANDT'!AU30^$AZ$24*'MCDA - REMBRANDT'!AJ12^$AZ$25*'MCDA - REMBRANDT'!AJ30^$AZ$26*'MCDA - REMBRANDT'!Y12^$AZ$27*'MCDA - REMBRANDT'!Y30^$AZ$28 -> 4.0083771
C26: SC20 | D26: ='MCDA - Environment'!AC33 -> -4 | E26: ='MCDA - Environment'!AD33 -> 2 | F26: ='MCDA - Environment'!AE33 -> -2 | G26: ='MCDA - Environment'!AF33 -> 0 | I26: SC20 | J26: =EXP((LN(1)*+D26)) -> 1 | K26: =EXP((LN(1)*+E26)) -> 1 | L26: =EXP((LN(1)*+F26)) -> 1 | M26: =EXP((LN(1)*+G26)) -> 1 | N26: =GEOMEAN(J26:M26) -> 1 | P26: SC20 | Q26: =EXP((LN(1.7)*+D26)) -> 0.11973037 | R26: =EXP((LN(1.7)*+E26)) -> 2.89 | S26: =EXP((LN(1.7)*+F26)) -> 0.34602076 | T26: =EXP((LN(1.7)*+G26)) -> 1 | U26: =GEOMEAN(Q26:T26) -> 0.58823529 | W26: SC20 | X26: =EXP((LN(2)*+D26)) -> 0.0625 | Y26: =EXP((LN(2)*+E26)) -> 4 | Z26: =EXP((LN(2)*+F26)) -> 0.25 | AA26: =EXP((LN(2)*+G26)) -> 1 | AB26: =GEOMEAN(X26:AA26) -> 0.5 | AD26: SC20 | AE26: =EXP((LN(2.7)*+D26)) -> 0.018816764 | AF26: =EXP((LN(2.7)*+E26)) -> 7.29 | AG26: =EXP((LN(2.7)*+F26)) -> 0.13717421 | AH26: =EXP((LN(2.7)*+G26)) -> 1 | AI26: =GEOMEAN(AE26:AH26) -> 0.37037037 | AS26: =EXP(LN(1.7^0.5)*AM8) -> 0.20354162 | AT26: =EXP(LN(1.7^0.5)*AN8) -> 0.34602076 | AU26: =EXP(LN(1.7^0.5)*AO8) -> 0.58823529 | AV26: =EXP(LN(1.7^0.5)*AP8) -> 1 | AW26: =EXP(LN(1.7^0.5)*AQ8) -> 1.7 | AX26: =EXP(LN(1.7^0.5)*AR8) -> 1.7 | AY26: =GEOMEAN(AS26:AX26) -> 0.70204894 | AZ26: =AY26/SUM($AY$23:$AY$28) -> 0.093849761 | BB26: SC20 | BC26: ='MCDA - REMBRANDT'!AU13^$AZ$23*'MCDA - REMBRANDT'!AU31^$AZ$24*'MCDA - REMBRANDT'!AJ13^$AZ$25*'MCDA - REMBRANDT'!AJ31^$AZ$26*'MCDA - REMBRANDT'!Y13^$AZ$27*'MCDA - REMBRANDT'!Y31^$AZ$28 -> 3.175506
AS27: =EXP(LN(1.7^0.5)*AM9) -> 0.20354162 | AT27: =EXP(LN(1.7^0.5)*AN9) -> 0.34602076 | AU27: =EXP(LN(1.7^0.5)*AO9) -> 0.58823529 | AV27: =EXP(LN(1.7^0.5)*AP9) -> 0.58823529 | AW27: =EXP(LN(1.7^0.5)*AQ9) -> 1 | AX27: =EXP(LN(1.7^0.5)*AR9) -> 1 | AY27: =GEOMEAN(AS27:AX27) -> 0.53844695 | AZ27: =AY27/SUM($AY$23:$AY$28) -> 0.071979481
B28: C5 | D28: SC1 | E28: SC10 | F28: SC18 | G28: SC20 | J28: SC1 | K28: SC10 | L28: SC18 | M28: SC20 | Q28: SC1 | R28: SC10 | S28: SC18 | T28: SC20 | X28: SC1 | Y28: SC10 | Z28: SC18 | AA28: SC20 | AE28: SC1 | AF28: SC10 | AG28: SC18 | AH28: SC20 | AS28: =EXP(LN(1.7^0.5)*AM10) -> 0.20354162 | AT28: =EXP(LN(1.7^0.5)*AN10) -> 0.20354162 | AU28: =EXP(LN(1.7^0.5)*AO10) -> 0.58823529 | AV28: =EXP(LN(1.7^0.5)*AP10) -> 0.58823529 | AW28: =EXP(LN(1.7^0.5)*AQ10) -> 1 | AX28: =EXP(LN(1.7^0.5)*AR10) -> 1 | AY28: =GEOMEAN(AS28:AX28) -> 0.49287271 | AZ28: =AY28/SUM($AY$23:$AY$28) -> 0.065887125
C29: SC1 | D29: ='MCDA - Social'!J20 -> 0 | E29: ='MCDA - Social'!K20 -> 4 | F29: ='MCDA - Social'!L20 -> -4 | G29: ='MCDA - Social'!M20 -> 6 | I29: SC1 | J29: =EXP((LN(1)*+D29)) -> 1 | K29: =EXP((LN(1)*+E29)) -> 1 | L29: =EXP((LN(1)*+F29)) -> 1 | M29: =EXP((LN(1)*+G29)) -> 1 | N29: =GEOMEAN(J29:M29) -> 1 | P29: SC1 | Q29: =EXP((LN(1.7)*+D29)) -> 1 | R29: =EXP((LN(1.7)*+E29)) -> 8.3521 | S29: =EXP((LN(1.7)*+F29)) -> 0.11973037 | T29: =EXP((LN(1.7)*+G29)) -> 24.137569 | U29: =GEOMEAN(Q29:T29) -> 2.2165288 | W29: SC1 | X29: =EXP((LN(2)*+D29)) -> 1 | Y29: =EXP((LN(2)*+E29)) -> 16 | Z29: =EXP((LN(2)*+F29)) -> 0.0625 | AA29: =EXP((LN(2)*+G29)) -> 64 | AB29: =GEOMEAN(X29:AA29) -> 2.8284271 | AD29: SC1 | AE29: =EXP((LN(2.7)*+D29)) -> 1 | AF29: =EXP((LN(2.7)*+E29)) -> 53.1441 | AG29: =EXP((LN(2.7)*+F29)) -> 0.018816764 | AH29: =EXP((LN(2.7)*+G29)) -> 387.42049 | AI29: =GEOMEAN(AE29:AH29) -> 4.4365527
C30: SC10 | D30: ='MCDA - Social'!J21 -> -4 | E30: ='MCDA - Social'!K21 -> 0 | F30: ='MCDA - Social'!L21 -> -2 | G30: ='MCDA - Social'!M21 -> 6 | I30: SC10 | J30: =EXP((LN(1)*+D30)) -> 1 | K30: =EXP((LN(1)*+E30)) -> 1 | L30: =EXP((LN(1)*+F30)) -> 1 | M30: =EXP((LN(1)*+G30)) -> 1 | N30: =GEOMEAN(J30:M30) -> 1 | P30: SC10 | Q30: =EXP((LN(1.7)*+D30)) -> 0.11973037 | R30: =EXP((LN(1.7)*+E30)) -> 1 | S30: =EXP((LN(1.7)*+F30)) -> 0.34602076 | T30: =EXP((LN(1.7)*+G30)) -> 24.137569 | U30: =GEOMEAN(Q30:T30) -> 1 | W30: SC10 | X30: =EXP((LN(2)*+D30)) -> 0.0625 | Y30: =EXP((LN(2)*+E30)) -> 1 | Z30: =EXP((LN(2)*+F30)) -> 0.25 | AA30: =EXP((LN(2)*+G30)) -> 64 | AB30: =GEOMEAN(X30:AA30) -> 1 | AD30: SC10 | AE30: =EXP((LN(2.7)*+D30)) -> 0.018816764 | AF30: =EXP((LN(2.7)*+E30)) -> 1 | AG30: =EXP((LN(2.7)*+F30)) -> 0.13717421 | AH30: =EXP((LN(2.7)*+G30)) -> 387.42049 | AI30: =GEOMEAN(AE30:AH30) -> 1
C31: SC18 | D31: ='MCDA - Social'!J22 -> 4 | E31: ='MCDA - Social'!K22 -> 2 | F31: ='MCDA - Social'!L22 -> 0 | G31: ='MCDA - Social'!M22 -> 6 | I31: SC18 | J31: =EXP((LN(1)*+D31)) -> 1 | K31: =EXP((LN(1)*+E31)) -> 1 | L31: =EXP((LN(1)*+F31)) -> 1 | M31: =EXP((LN(1)*+G31)) -> 1 | N31: =GEOMEAN(J31:M31) -> 1 | P31: SC18 | Q31: =EXP((LN(1.7)*+D31)) -> 8.3521 | R31: =EXP((LN(1.7)*+E31)) -> 2.89 | S31: =EXP((LN(1.7)*+F31)) -> 1 | T31: =EXP((LN(1.7)*+G31)) -> 24.137569 | U31: =GEOMEAN(Q31:T31) -> 4.913 | W31: SC18 | X31: =EXP((LN(2)*+D31)) -> 16 | Y31: =EXP((LN(2)*+E31)) -> 4 | Z31: =EXP((LN(2)*+F31)) -> 1 | AA31: =EXP((LN(2)*+G31)) -> 64 | AB31: =GEOMEAN(X31:AA31) -> 8 | AD31: SC18 | AE31: =EXP((LN(2.7)*+D31)) -> 53.1441 | AF31: =EXP((LN(2.7)*+E31)) -> 7.29 | AG31: =EXP((LN(2.7)*+F31)) -> 1 | AH31: =EXP((LN(2.7)*+G31)) -> 387.42049 | AI31: =GEOMEAN(AE31:AH31) -> 19.683 | AR31: Factor 2.7 | AY31: Geo Mean | AZ31: Weight | BB31: Factor 2.7 | BC31: Final Value
C32: SC20 | D32: ='MCDA - Social'!J23 -> -6 | E32: ='MCDA - Social'!K23 -> -6 | F32: ='MCDA - Social'!L23 -> -6 | G32: ='MCDA - Social'!M23 -> 0 | I32: SC20 | J32: =EXP((LN(1)*+D32)) -> 1 | K32: =EXP((LN(1)*+E32)) -> 1 | L32: =EXP((LN(1)*+F32)) -> 1 | M32: =EXP((LN(1)*+G32)) -> 1 | N32: =GEOMEAN(J32:M32) -> 1 | P32: SC20 | Q32: =EXP((LN(1.7)*+D32)) -> 0.041429193 | R32: =EXP((LN(1.7)*+E32)) -> 0.041429193 | S32: =EXP((LN(1.7)*+F32)) -> 0.041429193 | T32: =EXP((LN(1.7)*+G32)) -> 1 | U32: =GEOMEAN(Q32:T32) -> 0.091829 | W32: SC20 | X32: =EXP((LN(2)*+D32)) -> 0.015625 | Y32: =EXP((LN(2)*+E32)) -> 0.015625 | Z32: =EXP((LN(2)*+F32)) -> 0.015625 | AA32: =EXP((LN(2)*+G32)) -> 1 | AB32: =GEOMEAN(X32:AA32) -> 0.044194174 | AD32: SC20 | AE32: =EXP((LN(2.7)*+D32)) -> 0.0025811748 | AF32: =EXP((LN(2.7)*+E32)) -> 0.0025811748 | AG32: =EXP((LN(2.7)*+F32)) -> 0.0025811748 | AH32: =EXP((LN(2.7)*+G32)) -> 1 | AI32: =GEOMEAN(AE32:AH32) -> 0.011451518 | AS32: =EXP(LN(2.7^0.5)*AM5) -> 1 | AT32: =EXP(LN(2.7^0.5)*AN5) -> 2.7 | AU32: =EXP(LN(2.7^0.5)*AO5) -> 7.29 | AV32: =EXP(LN(2.7^0.5)*AP5) -> 19.683 | AW32: =EXP(LN(2.7^0.5)*AQ5) -> 19.683 | AX32: =EXP(LN(2.7^0.5)*AR5) -> 19.683 | AY32: =GEOMEAN(AS32:AX32) -> 7.29 | AZ32: =AY32/SUM($AY$32:$AY$37) -> 0.57987551 | BB32: SC1 | BC32: ='MCDA - REMBRANDT'!AU10^$AZ$32*'MCDA - REMBRANDT'!AU28^$AZ$33*'MCDA - REMBRANDT'!AJ10^$AZ$34*'MCDA - REMBRANDT'!AJ28^$AZ$35*'MCDA - REMBRANDT'!Y10^$AZ$36*'MCDA - REMBRANDT'!Y28^$AZ$37 -> 0.72801614
AS33: =EXP(LN(2.7^0.5)*AM6) -> 0.37037037 | AT33: =EXP(LN(2.7^0.5)*AN6) -> 1 | AU33: =EXP(LN(2.7^0.5)*AO6) -> 2.7 | AV33: =EXP(LN(2.7^0.5)*AP6) -> 7.29 | AW33: =EXP(LN(2.7^0.5)*AQ6) -> 7.29 | AX33: =EXP(LN(2.7^0.5)*AR6) -> 19.683 | AY33: =GEOMEAN(AS33:AX33) -> 3.1860877 | AZ33: =AY33/SUM($AY$32:$AY$37) -> 0.25343405 | BB33: SC10 | BC33: ='MCDA - REMBRANDT'!AU11^$AZ$32*'MCDA - REMBRANDT'!AU29^$AZ$33*'MCDA - REMBRANDT'!AJ11^$AZ$34*'MCDA - REMBRANDT'!AJ29^$AZ$35*'MCDA - REMBRANDT'!Y11^$AZ$36*'MCDA - REMBRANDT'!Y29^$AZ$37 -> 0.057818655
B34: C6 | D34: SC1 | E34: SC10 | F34: SC18 | G34: SC20 | J34: SC1 | K34: SC10 | L34: SC18 | M34: SC20 | Q34: SC1 | R34: SC10 | S34: SC18 | T34: SC20 | X34: SC1 | Y34: SC10 | Z34: SC18 | AA34: SC20 | AE34: SC1 | AF34: SC10 | AG34: SC18 | AH34: SC20 | AS34: =EXP(LN(2.7^0.5)*AM7) -> 0.13717421 | AT34: =EXP(LN(2.7^0.5)*AN7) -> 0.37037037 | AU34: =EXP(LN(2.7^0.5)*AO7) -> 1 | AV34: =EXP(LN(2.7^0.5)*AP7) -> 2.7 | AW34: =EXP(LN(2.7^0.5)*AQ7) -> 2.7 | AX34: =EXP(LN(2.7^0.5)*AR7) -> 2.7 | AY34: =GEOMEAN(AS34:AX34) -> 1 | AZ34: =AY34/SUM($AY$32:$AY$37) -> 0.079543965 | BB34: SC18 | BC34: ='MCDA - REMBRANDT'!AU12^$AZ$32*'MCDA - REMBRANDT'!AU30^$AZ$33*'MCDA - REMBRANDT'!AJ12^$AZ$34*'MCDA - REMBRANDT'!AJ30^$AZ$35*'MCDA - REMBRANDT'!Y12^$AZ$36*'MCDA - REMBRANDT'!Y30^$AZ$37 -> 4.2506888
C35: SC1 | D35: ='MCDA - Social'!J27 -> 0 | E35: ='MCDA - Social'!K27 -> 2 | F35: ='MCDA - Social'!L27 -> 4 | G35: ='MCDA - Social'!M27 -> 6 | I35: SC1 | J35: =EXP((LN(1)*+D35)) -> 1 | K35: =EXP((LN(1)*+E35)) -> 1 | L35: =EXP((LN(1)*+F35)) -> 1 | M35: =EXP((LN(1)*+G35)) -> 1 | N35: =GEOMEAN(J35:M35) -> 1 | P35: SC1 | Q35: =EXP((LN(1.7)*+D35)) -> 1 | R35: =EXP((LN(1.7)*+E35)) -> 2.89 | S35: =EXP((LN(1.7)*+F35)) -> 8.3521 | T35: =EXP((LN(1.7)*+G35)) -> 24.137569 | U35: =GEOMEAN(Q35:T35) -> 4.913 | W35: SC1 | X35: =EXP((LN(2)*+D35)) -> 1 | Y35: =EXP((LN(2)*+E35)) -> 4 | Z35: =EXP((LN(2)*+F35)) -> 16 | AA35: =EXP((LN(2)*+G35)) -> 64 | AB35: =GEOMEAN(X35:AA35) -> 8 | AD35: SC1 | AE35: =EXP((LN(2.7)*+D35)) -> 1 | AF35: =EXP((LN(2.7)*+E35)) -> 7.29 | AG35: =EXP((LN(2.7)*+F35)) -> 53.1441 | AH35: =EXP((LN(2.7)*+G35)) -> 387.42049 | AI35: =GEOMEAN(AE35:AH35) -> 19.683 | AS35: =EXP(LN(2.7^0.5)*AM8) -> 0.050805263 | AT35: =EXP(LN(2.7^0.5)*AN8) -> 0.13717421 | AU35: =EXP(LN(2.7^0.5)*AO8) -> 0.37037037 | AV35: =EXP(LN(2.7^0.5)*AP8) -> 1 | AW35: =EXP(LN(2.7^0.5)*AQ8) -> 2.7 | AX35: =EXP(LN(2.7^0.5)*AR8) -> 2.7 | AY35: =GEOMEAN(AS35:AX35) -> 0.51573209 | AZ35: =AY35/SUM($AY$32:$AY$37) -> 0.041023376 | BB35: SC20 | BC35: ='MCDA - REMBRANDT'!AU13^$AZ$32*'MCDA - REMBRANDT'!AU31^$AZ$33*'MCDA - REMBRANDT'!AJ13^$AZ$34*'MCDA - REMBRANDT'!AJ31^$AZ$35*'MCDA - REMBRANDT'!Y13^$AZ$36*'MCDA - REMBRANDT'!Y31^$AZ$37 -> 5.5889689
C36: SC10 | D36: ='MCDA - Social'!J28 -> -2 | E36: ='MCDA - Social'!K28 -> 0 | F36: ='MCDA - Social'!L28 -> 4 | G36: ='MCDA - Social'!M28 -> 6 | I36: SC10 | J36: =EXP((LN(1)*+D36)) -> 1 | K36: =EXP((LN(1)*+E36)) -> 1 | L36: =EXP((LN(1)*+F36)) -> 1 | M36: =EXP((LN(1)*+G36)) -> 1 | N36: =GEOMEAN(J36:M36) -> 1 | P36: SC10 | Q36: =EXP((LN(1.7)*+D36)) -> 0.34602076 | R36: =EXP((LN(1.7)*+E36)) -> 1 | S36: =EXP((LN(1.7)*+F36)) -> 8.3521 | T36: =EXP((LN(1.7)*+G36)) -> 24.137569 | U36: =GEOMEAN(Q36:T36) -> 2.89 | W36: SC10 | X36: =EXP((LN(2)*+D36)) -> 0.25 | Y36: =EXP((LN(2)*+E36)) -> 1 | Z36: =EXP((LN(2)*+F36)) -> 16 | AA36: =EXP((LN(2)*+G36)) -> 64 | AB36: =GEOMEAN(X36:AA36) -> 4 | AD36: SC10 | AE36: =EXP((LN(2.7)*+D36)) -> 0.13717421 | AF36: =EXP((LN(2.7)*+E36)) -> 1 | AG36: =EXP((LN(2.7)*+F36)) -> 53.1441 | AH36: =EXP((LN(2.7)*+G36)) -> 387.42049 | AI36: =GEOMEAN(AE36:AH36) -> 7.29 | AS36: =EXP(LN(2.7^0.5)*AM9) -> 0.050805263 | AT36: =EXP(LN(2.7^0.5)*AN9) -> 0.13717421 | AU36: =EXP(LN(2.7^0.5)*AO9) -> 0.37037037 | AV36: =EXP(LN(2.7^0.5)*AP9) -> 0.37037037 | AW36: =EXP(LN(2.7^0.5)*AQ9) -> 1 | AX36: =EXP(LN(2.7^0.5)*AR9) -> 1 | AY36: =GEOMEAN(AS36:AX36) -> 0.31386456 | AZ36: =AY36/SUM($AY$32:$AY$37) -> 0.024966031
C37: SC18 | D37: ='MCDA - Social'!J29 -> -4 | E37: ='MCDA - Social'!K29 -> -4 | F37: ='MCDA - Social'!L29 -> 0 | G37: ='MCDA - Social'!M29 -> 6 | I37: SC18 | J37: =EXP((LN(1)*+D37)) -> 1 | K37: =EXP((LN(1)*+E37)) -> 1 | L37: =EXP((LN(1)*+F37)) -> 1 | M37: =EXP((LN(1)*+G37)) -> 1 | N37: =GEOMEAN(J37:M37) -> 1 | P37: SC18 | Q37: =EXP((LN(1.7)*+D37)) -> 0.11973037 | R37: =EXP((LN(1.7)*+E37)) -> 0.11973037 | S37: =EXP((LN(1.7)*+F37)) -> 1 | T37: =EXP((LN(1.7)*+G37)) -> 24.137569 | U37: =GEOMEAN(Q37:T37) -> 0.76696499 | W37: SC18 | X37: =EXP((LN(2)*+D37)) -> 0.0625 | Y37: =EXP((LN(2)*+E37)) -> 0.0625 | Z37: =EXP((LN(2)*+F37)) -> 1 | AA37: =EXP((LN(2)*+G37)) -> 64 | AB37: =GEOMEAN(X37:AA37) -> 0.70710678 | AD37: SC18 | AE37: =EXP((LN(2.7)*+D37)) -> 0.018816764 | AF37: =EXP((LN(2.7)*+E37)) -> 0.018816764 | AG37: =EXP((LN(2.7)*+F37)) -> 1 | AH37: =EXP((LN(2.7)*+G37)) -> 387.42049 | AI37: =GEOMEAN(AE37:AH37) -> 0.60858062 | AS37: =EXP(LN(2.7^0.5)*AM10) -> 0.050805263 | AT37: =EXP(LN(2.7^0.5)*AN10) -> 0.050805263 | AU37: =EXP(LN(2.7^0.5)*AO10) -> 0.37037037 | AV37: =EXP(LN(2.7^0.5)*AP10) -> 0.37037037 | AW37: =EXP(LN(2.7^0.5)*AQ10) -> 1 | AX37: =EXP(LN(2.7^0.5)*AR10) -> 1 | AY37: =GEOMEAN(AS37:AX37) -> 0.26597959 | AZ37: =AY37/SUM($AY$32:$AY$37) -> 0.021157071
C38: SC20 | D38: ='MCDA - Social'!J30 -> -6 | E38: ='MCDA - Social'!K30 -> -6 | F38: ='MCDA - Social'!L30 -> -6 | G38: ='MCDA - Social'!M30 -> 0 | I38: SC20 | J38: =EXP((LN(1)*+D38)) -> 1 | K38: =EXP((LN(1)*+E38)) -> 1 | L38: =EXP((LN(1)*+F38)) -> 1 | M38: =EXP((LN(1)*+G38)) -> 1 | N38: =GEOMEAN(J38:M38) -> 1 | P38: SC20 | Q38: =EXP((LN(1.7)*+D38)) -> 0.041429193 | R38: =EXP((LN(1.7)*+E38)) -> 0.041429193 | S38: =EXP((LN(1.7)*+F38)) -> 0.041429193 | T38: =EXP((LN(1.7)*+G38)) -> 1 | U38: =GEOMEAN(Q38:T38) -> 0.091829 | W38: SC20 | X38: =EXP((LN(2)*+D38)) -> 0.015625 | Y38: =EXP((LN(2)*+E38)) -> 0.015625 | Z38: =EXP((LN(2)*+F38)) -> 0.015625 | AA38: =EXP((LN(2)*+G38)) -> 1 | AB38: =GEOMEAN(X38:AA38) -> 0.044194174 | AD38: SC20 | AE38: =EXP((LN(2.7)*+D38)) -> 0.0025811748 | AF38: =EXP((LN(2.7)*+E38)) -> 0.0025811748 | AG38: =EXP((LN(2.7)*+F38)) -> 0.0025811748 | AH38: =EXP((LN(2.7)*+G38)) -> 1 | AI38: =GEOMEAN(AE38:AH38) -> 0.011451518
C40: Factor | D40: 1 | E40: 1.7 | F40: 2 | G40: 2.7
C41: SC1 | D41: =N5^'MCDA - REMBRANDT'!$BK$10*'REMBRANDT Sensitivity Analysis'!N11^'REMBRANDT Sensitivity Analysis'!BK11*'REMBRANDT Sensitivity Analysis'!N17^'MCDA - REMBRANDT'!$BK$12*'REMBRANDT Sensitivity Analysis'!N23^'MCDA - REMBRANDT'!$BK$13*'REMBRANDT Sensitivity Analysis'!N29^'MCDA - REMBRANDT'!$BK$14*'REMBRANDT Sensitivity Analysis'!N35^'MCDA - REMBRANDT'!$BK$15 -> 1 | E41: =U5^'MCDA - REMBRANDT'!$BK$10*U11^'REMBRANDT Sensitivity Analysis'!BL11*U17^'MCDA - REMBRANDT'!$BK$12*U23^'MCDA - REMBRANDT'!$BK$13*U29^'MCDA - REMBRANDT'!$BK$14*U35^'MCDA - REMBRANDT'!$BK$15 -> 1.0038781 | F41: =AB5^'MCDA - REMBRANDT'!$BK$10*AB11^'REMBRANDT Sensitivity Analysis'!BM11*AB17^'MCDA - REMBRANDT'!$BK$12*AB23^'MCDA - REMBRANDT'!$BK$13*AB29^'MCDA - REMBRANDT'!$BK$14*AB35^'MCDA - REMBRANDT'!$BK$15 -> 1.0050689 | G41: =AI5^'MCDA - REMBRANDT'!$BK$10*AI11^'REMBRANDT Sensitivity Analysis'!BN11*AI17^'MCDA - REMBRANDT'!$BK$12*AI23^'MCDA - REMBRANDT'!$BK$13*AI29^'MCDA - REMBRANDT'!$BK$14*AI35^'MCDA - REMBRANDT'!$BK$15 -> 1.0072715
C42: SC10 | D42: =N6^'MCDA - REMBRANDT'!$BK$10*'REMBRANDT Sensitivity Analysis'!N12^'REMBRANDT Sensitivity Analysis'!BK12*'REMBRANDT Sensitivity Analysis'!N18^'MCDA - REMBRANDT'!$BK$12*'REMBRANDT Sensitivity Analysis'!N24^'MCDA - REMBRANDT'!$BK$13*'REMBRANDT Sensitivity Analysis'!N30^'MCDA - REMBRANDT'!$BK$14*'REMBRANDT Sensitivity Analysis'!N36^'MCDA - REMBRANDT'!$BK$15 -> 1 | E42: =U6^'MCDA - REMBRANDT'!$BK$10*U12^'REMBRANDT Sensitivity Analysis'!BL12*U18^'MCDA - REMBRANDT'!$BK$12*U24^'MCDA - REMBRANDT'!$BK$13*U30^'MCDA - REMBRANDT'!$BK$14*U36^'MCDA - REMBRANDT'!$BK$15 -> 0.27688401 | F42: =AB6^'MCDA - REMBRANDT'!$BK$10*AB12^'REMBRANDT Sensitivity Analysis'!BM12*AB18^'MCDA - REMBRANDT'!$BK$12*AB24^'MCDA - REMBRANDT'!$BK$13*AB30^'MCDA - REMBRANDT'!$BK$14*AB36^'MCDA - REMBRANDT'!$BK$15 -> 0.18684731 | G42: =AI6^'MCDA - REMBRANDT'!$BK$10*AI12^'REMBRANDT Sensitivity Analysis'!BN12*AI18^'MCDA - REMBRANDT'!$BK$12*AI24^'MCDA - REMBRANDT'!$BK$13*AI30^'MCDA - REMBRANDT'!$BK$14*AI36^'MCDA - REMBRANDT'!$BK$15 -> 0.090379563
C43: SC18 | D43: =N7^'MCDA - REMBRANDT'!$BK$10*'REMBRANDT Sensitivity Analysis'!N13^'REMBRANDT Sensitivity Analysis'!BK13*'REMBRANDT Sensitivity Analysis'!N19^'MCDA - REMBRANDT'!$BK$12*'REMBRANDT Sensitivity Analysis'!N25^'MCDA - REMBRANDT'!$BK$13*'REMBRANDT Sensitivity Analysis'!N31^'MCDA - REMBRANDT'!$BK$14*'REMBRANDT Sensitivity Analysis'!N37^'MCDA - REMBRANDT'!$BK$15 -> 1 | E43: =U7^'MCDA - REMBRANDT'!$BK$10*U13^'REMBRANDT Sensitivity Analysis'!BL13*U19^'MCDA - REMBRANDT'!$BK$12*U25^'MCDA - REMBRANDT'!$BK$13*U31^'MCDA - REMBRANDT'!$BK$14*U37^'MCDA - REMBRANDT'!$BK$15 -> 1.7245684 | F43: =AB7^'MCDA - REMBRANDT'!$BK$10*AB13^'REMBRANDT Sensitivity Analysis'!BM13*AB19^'MCDA - REMBRANDT'!$BK$12*AB25^'MCDA - REMBRANDT'!$BK$13*AB31^'MCDA - REMBRANDT'!$BK$14*AB37^'MCDA - REMBRANDT'!$BK$15 -> 2.0378399 | G43: =AI7^'MCDA - REMBRANDT'!$BK$10*AI13^'REMBRANDT Sensitivity Analysis'!BN13*AI19^'MCDA - REMBRANDT'!$BK$12*AI25^'MCDA - REMBRANDT'!$BK$13*AI31^'MCDA - REMBRANDT'!$BK$14*AI37^'MCDA - REMBRANDT'!$BK$15 -> 2.7734999
C44: SC20 | D44: =N8^'MCDA - REMBRANDT'!$BK$10*'REMBRANDT Sensitivity Analysis'!N14^'REMBRANDT Sensitivity Analysis'!BK14*'REMBRANDT Sensitivity Analysis'!N20^'MCDA - REMBRANDT'!$BK$12*'REMBRANDT Sensitivity Analysis'!N26^'MCDA - REMBRANDT'!$BK$13*'REMBRANDT Sensitivity Analysis'!N32^'MCDA - REMBRANDT'!$BK$14*'REMBRANDT Sensitivity Analysis'!N38^'MCDA - REMBRANDT'!$BK$15 -> 1 | E44: =U8^'MCDA - REMBRANDT'!$BK$10*U14^'REMBRANDT Sensitivity Analysis'!BL14*U20^'MCDA - REMBRANDT'!$BK$12*U26^'MCDA - REMBRANDT'!$BK$13*U32^'MCDA - REMBRANDT'!$BK$14*U38^'MCDA - REMBRANDT'!$BK$15 -> 2.0861268 | F44: =AB8^'MCDA - REMBRANDT'!$BK$10*AB14^'REMBRANDT Sensitivity Analysis'!BM14*AB20^'MCDA - REMBRANDT'!$BK$12*AB26^'MCDA - REMBRANDT'!$BK$13*AB32^'MCDA - REMBRANDT'!$BK$14*AB38^'MCDA - REMBRANDT'!$BK$15 -> 2.6130471 | G44: =AI8^'MCDA - REMBRANDT'!$BK$10*AI14^'REMBRANDT Sensitivity Analysis'!BN14*AI20^'MCDA - REMBRANDT'!$BK$12*AI26^'MCDA - REMBRANDT'!$BK$13*AI32^'MCDA - REMBRANDT'!$BK$14*AI38^'MCDA - REMBRANDT'!$BK$15 -> 3.9605461
C61: Factor | D61: 1 | E61: 1.7 | F61: 2 | G61: 2.7
C62: SC1 | D62: =BC14 -> 1.6817928 | E62: =BC23 -> 0.94954524 | F62: =BC5 -> 0.84075993 | G62: =BC32 -> 0.72801614
C63: SC10 | D63: =BC15 -> 0.18728838 | E63: =BC24 -> 0.082737583 | F63: =BC6 -> 0.070001251 | G63: =BC33 -> 0.057818655
C64: SC18 | D64: =BC16 -> 3.1748021 | E64: =BC25 -> 4.0083771 | F64: =BC7 -> 4.1616483 | G64: =BC34 -> 4.2506888
C65: SC20 | D65: =BC17 -> 1 | E65: =BC26 -> 3.175506 | F65: =BC8 -> 4.0827879 | G65: =BC35 -> 5.5889689
